,Date,Time,Energy (MeV),Accumulated Dose,Pressure,Radium target mass (g),Extraction,Date and Time,Elapsed time (s),dt (s),Integrated Power (kWhr from Acc),Dose rate (Gy/s),power,electrons,reaction rate per gram,reactions per second,Radium-225,Actinium-225,Radium-225 Activity (mCi),Actinium-225 Activity (mCi)
0,,,13.6,,,0.0411,NO,2022-10-10 07:31:00,5856060.0,5856060.0,0.0,,0.0,0.0,2.5381999999999997e-06,0.0,4951803808962.872,3729641659579.0444,0.07191135237520664,0.08152860704645779
1,,,13.6,,,0.0411,NO,2022-10-10 09:31:00,5863260.0,7200.0,0.0,,0.0,0.0,2.5381999999999997e-06,0.0,4932646624690.117,3727079622934.623,0.0716331468804208,0.08147260185939506
2,,,13.6,,,0.0411,NO,2022-10-10 11:31:00,5870460.0,7200.0,0.0,,0.0,0.0,2.5381999999999997e-06,0.0,4913563554361.173,3724458392128.224,0.07135601768714751,0.0814153027095306
3,,,13.6,,,0.0411,NO,2022-10-10 13:31:00,5877660.0,7200.0,0.0,,0.0,0.0,2.5381999999999997e-06,0.0,4894554311249.316,3721778598598.261,0.07107996063146843,0.08135672339987793
4,,,13.6,,,0.0411,NO,2022-10-10 15:31:00,5884860.0,7200.0,0.0,,0.0,0.0,2.5381999999999997e-06,0.0,4875618609737.093,3719040868996.757,0.0708049715655744,0.08129687762882182
5,,,13.6,,,0.0411,NO,2022-10-10 17:31:00,5892060.0,7200.0,0.0,,0.0,0.0,2.5381999999999997e-06,0.0,4856756165312.023,3716245825221.508,0.07053104635770292,0.08123577899082138
6,,,13.6,,,0.0411,NO,2022-10-10 19:31:00,5899260.0,7200.0,0.0,,0.0,0.0,2.5381999999999997e-06,0.0,4837966694562.331,3713394084448.045,0.07025818089207622,0.08117344097710877
7,,,13.6,,,0.0411,NO,2022-10-10 21:31:00,5906460.0,7200.0,0.0,,0.0,0.0,2.5381999999999997e-06,0.0,4819249915172.682,3710486259161.392,0.0699863710688393,0.08110987697638328
8,,,13.6,,,0.0411,NO,2022-10-10 23:31:00,5913660.0,7200.0,0.0,,0.0,0.0,2.5381999999999997e-06,0.0,4800605545919.942,3707522957187.6226,0.06971561280399843,0.08104510027550133
9,,,13.6,,,0.0411,NO,2022-10-11 01:31:00,5920860.0,7200.0,0.0,,0.0,0.0,2.5381999999999997e-06,0.0,4782033306668.957,3704504781725.2144,0.06944590202935973,0.08097912406016171
10,,,13.6,,,0.0411,NO,2022-10-11 03:31:00,5928060.0,7200.0,0.0,,0.0,0.0,2.5381999999999997e-06,0.0,4763532918368.336,3701432331376.2085,0.06917723469246806,0.08091196141558686
11,,,13.6,,,0.0411,NO,2022-10-11 05:31:00,5935260.0,7200.0,0.0,,0.0,0.0,2.5381999999999997e-06,0.0,4745104103046.263,3698306200177.1694,0.06890960675654609,0.08084362532719952
12,,,13.6,,,0.0411,NO,2022-10-11 07:31:00,5942460.0,7200.0,0.0,,0.0,0.0,2.5381999999999997e-06,0.0,4726746583806.318,3695126977629.9473,0.06864301420043376,0.08077412868129522
13,,,13.6,,,0.0411,NO,2022-10-11 09:31:00,5949660.0,7200.0,0.0,,0.0,0.0,2.5381999999999997e-06,0.0,4708460084823.323,3691895248732.2456,0.0683774530185277,0.08070348426571049
14,,,13.6,,,0.0411,NO,2022-10-11 11:31:00,5956860.0,7200.0,0.0,,0.0,0.0,2.5381999999999997e-06,0.0,4690244331339.1875,3688611594007.996,0.06811291922072121,0.08063170477048687
15,,,13.6,,,0.0411,NO,2022-10-11 13:31:00,5964060.0,7200.0,0.0,,0.0,0.0,2.5381999999999997e-06,0.0,4672099049658.787,3685276589537.5386,0.0678494088323442,0.08055880278853056
16,,,13.6,,,0.0411,NO,2022-10-11 15:31:00,5971260.0,7200.0,0.0,,0.0,0.0,2.5381999999999997e-06,0.0,4654023967145.851,3681890806987.6104,0.06758691789410345,0.08048479081626805
17,,,13.6,,,0.0411,NO,2022-10-11 17:31:00,5978460.0,7200.0,0.0,,0.0,0.0,2.5381999999999997e-06,0.0,4636018812218.861,3678454813641.1455,0.06732544246202327,0.08040968125429748
18,,,13.6,,,0.0411,NO,2022-10-11 19:31:00,5985660.0,7200.0,0.0,,0.0,0.0,2.5381999999999997e-06,0.0,4618083314346.979,3674969172426.884,0.06706497860738604,0.08033348640803589
19,,,13.6,,,0.0411,NO,2022-10-11 21:31:00,5992860.0,7200.0,0.0,,0.0,0.0,2.5381999999999997e-06,0.0,4600217204045.971,3671434441948.7905,0.06680552241667335,0.0802562184883623
20,,,13.6,,,0.0411,NO,2022-10-11 23:31:00,6000060.0,7200.0,0.0,,0.0,0.0,2.5381999999999997e-06,0.0,4582420212874.169,3667851176515.2925,0.06654706999150711,0.08017788961225687
21,,,13.6,,,0.0411,NO,2022-10-12 01:31:00,6007260.0,7200.0,0.0,,0.0,0.0,2.5381999999999997e-06,0.0,4564692073428.432,3664219926168.3247,0.06628961744859099,0.08009851180343577
22,,,13.6,,,0.0411,NO,2022-10-12 03:31:00,6014460.0,7200.0,0.0,,0.0,0.0,2.5381999999999997e-06,0.0,4547032519340.127,3660541236712.194,0.06603316091965208,0.0800180969929822
23,,,13.6,,,0.0411,NO,2022-10-12 05:31:00,6021660.0,7200.0,0.0,,0.0,0.0,2.5381999999999997e-06,0.0,4529441285271.132,3656815649742.259,0.06577769655138278,0.07993665701997323
24,,,13.6,,,0.0411,NO,2022-10-12 07:31:00,6028860.0,7200.0,0.0,,0.0,0.0,2.5381999999999997e-06,0.0,4511918106909.844,3653043702673.4263,0.06552322050538287,0.07985420363210283
25,,,13.6,,,0.0411,NO,2022-10-12 09:31:00,6036060.0,7200.0,0.0,,0.0,0.0,2.5381999999999997e-06,0.0,4494462720967.21,3649225928768.4683,0.06526972895810186,0.07977074848630078
26,,,13.6,,,0.0411,NO,2022-10-12 11:31:00,6043260.0,7200.0,0.0,,0.0,0.0,2.5381999999999997e-06,0.0,4477074865172.771,3645362857166.1562,0.06501721810078155,0.07968630314934774
27,,,13.6,,,0.0411,NO,2022-10-12 13:31:00,6050460.0,7200.0,0.0,,0.0,0.0,2.5381999999999997e-06,0.0,4459754278270.724,3641455012909.2183,0.06476568413939882,0.07960087909848636
28,,,13.6,,,0.0411,NO,2022-10-12 15:31:00,6057660.0,7200.0,0.0,,0.0,0.0,2.5381999999999997e-06,0.0,4442500700015.987,3637502916972.117,0.06451512329460853,0.07951448772202843
29,,,13.6,,,0.0411,NO,2022-10-12 17:31:00,6064860.0,7200.0,0.0,,0.0,0.0,2.5381999999999997e-06,0.0,4425313871170.304,3633507086288.6523,0.06426553180168684,0.0794271403199584
30,,,13.6,,,0.0411,NO,2022-10-12 19:31:00,6072060.0,7200.0,0.0,,0.0,0.0,2.5381999999999997e-06,0.0,4408193533498.334,3629468033779.385,0.0640169059104746,0.07933884810453275
31,,,13.6,,,0.0411,NO,2022-10-12 21:31:00,6079260.0,7200.0,0.0,,0.0,0.0,2.5381999999999997e-06,0.0,4391139429763.7837,3625386268378.8877,0.06376924188532103,0.07924962220087568
32,,,13.6,,,0.0411,NO,2022-10-12 23:31:00,6086460.0,7200.0,0.0,,0.0,0.0,2.5381999999999997e-06,0.0,4374151303725.534,3621262295062.8237,0.06352253600502751,0.07915947364757113
33,,,13.6,,,0.0411,NO,2022-10-13 01:31:00,6093660.0,7200.0,0.0,,0.0,0.0,2.5381999999999997e-06,0.0,4357228900133.795,3617096614874.85,0.06327678456279177,0.07906841339725078
34,,,13.6,,,0.0411,NO,2022-10-13 03:31:00,6100860.0,7200.0,0.0,,0.0,0.0,2.5381999999999997e-06,0.0,4340371964726.267,3612889724953.35,0.06303198386615215,0.07897645231717842
35,,,13.6,,,0.0411,NO,2022-10-13 05:31:00,6108060.0,7200.0,0.0,,0.0,0.0,2.5381999999999997e-06,0.0,4323580244224.324,3608642118557.9966,0.06278813023693211,0.07888360118983075
36,,,13.6,,,0.0411,NO,2022-10-13 07:31:00,6115260.0,7200.0,0.0,,0.0,0.0,2.5381999999999997e-06,0.0,4306853486329.2056,3604354285096.1445,0.06254522001118498,0.0787898707134741
37,,,13.6,,,0.0411,NO,2022-10-13 09:31:00,6122460.0,7200.0,0.0,,0.0,0.0,2.5381999999999997e-06,0.0,4290191439718.226,3600026710149.0547,0.062303249539138926,0.07869527150273779
38,,,13.6,,,0.0411,NO,2022-10-13 11:31:00,6129660.0,7200.0,0.0,,0.0,0.0,2.5381999999999997e-06,0.0,4273593854040.9995,3595659875497.952,0.06206221518514204,0.0785998140891838
39,,,13.6,,,0.0411,NO,2022-10-13 13:31:00,6136860.0,7200.0,0.0,,0.0,0.0,2.5381999999999997e-06,0.0,4257060479915.6777,3591254259149.9155,0.061822113327607786,0.07850350892187262
40,,,13.6,,,0.0411,NO,2022-10-13 15:31:00,6144060.0,7200.0,0.0,,0.0,0.0,2.5381999999999997e-06,0.0,4240591068925.203,3586810335363.6035,0.0615829403589606,0.07840636636792563
41,,,13.6,,,0.0411,NO,2022-10-13 17:31:00,6151260.0,7200.0,0.0,,0.0,0.0,2.5381999999999997e-06,0.0,4224185373613.576,3582328574674.8154,0.06134469268558159,0.07830839671308384
42,,,13.6,,,0.0411,NO,2022-10-13 19:31:00,6158460.0,7200.0,0.0,,0.0,0.0,2.5381999999999997e-06,0.0,4207843147482.137,3577809443921.8887,0.06110736672775465,0.07820961016226317
43,,,13.6,,,0.0411,NO,2022-10-13 21:31:00,6165660.0,7200.0,0.0,,0.0,0.0,2.5381999999999997e-06,0.0,4191564144985.8633,3573253406270.9355,0.06087095891961259,0.07811001684010595
44,,,13.6,,,0.0411,NO,2022-10-13 23:31:00,6172860.0,7200.0,0.0,,0.0,0.0,2.5381999999999997e-06,0.0,4175348121529.6787,3568660921240.916,0.06063546570908361,0.07800962679152916
45,,,13.6,,,0.0411,NO,2022-10-14 01:31:00,6180060.0,7200.0,0.0,,0.0,0.0,2.5381999999999997e-06,0.0,4159194833464.779,3564032444728.5527,0.060400883557837896,0.07790844998226892
46,,,13.6,,,0.0411,NO,2022-10-14 03:31:00,6187260.0,7200.0,0.0,,0.0,0.0,2.5381999999999997e-06,0.0,4143104038084.9707,3559368429033.0845,0.06016720894123448,0.07780649629942174
47,,,13.6,,,0.0411,NO,2022-10-14 05:31:00,6194460.0,7200.0,0.0,,0.0,0.0,2.5381999999999997e-06,0.0,4127075493623.026,3554669322880.8633,0.059934438348268275,0.0777037755519821
48,,,13.6,,,0.0411,NO,2022-10-14 07:31:00,6201660.0,7200.0,0.0,,0.0,0.0,2.5381999999999997e-06,0.0,4111108959247.0474,3549935571449.794,0.05970256828151733,0.07760029747137667
49,,,13.6,,,0.0411,NO,2022-10-14 09:31:00,6208860.0,7200.0,0.0,,0.0,0.0,2.5381999999999997e-06,0.0,4095204195056.851,3545167616393.615,0.059471595257090226,0.07749607171199521
50,,,13.6,,,0.0411,NO,2022-10-14 11:31:00,6216060.0,7200.0,0.0,,0.0,0.0,2.5381999999999997e-06,0.0,4079360962080.3623,3540365895866.0283,0.05924151580457383,0.07739110785171789
51,,,13.6,,,0.0411,NO,2022-10-14 13:31:00,6223260.0,7200.0,0.0,,0.0,0.0,2.5381999999999997e-06,0.0,4063579022270.024,3535530844544.669,0.05901232646698107,0.07728541539243935
52,,,13.6,,,0.0411,NO,2022-10-14 15:31:00,6230460.0,7200.0,0.0,,0.0,0.0,2.5381999999999997e-06,0.0,4047858138499.22,3530662893654.927,0.05878402380069899,0.07717900376058943
53,,,13.6,,,0.0411,NO,2022-10-14 17:31:00,6237660.0,7200.0,0.0,,0.0,0.0,2.5381999999999997e-06,0.0,4032198074558.714,3525762470993.612,0.05855660437543709,0.07707188230765044
54,,,13.6,,,0.0411,NO,2022-10-14 19:31:00,6244860.0,7200.0,0.0,,0.0,0.0,2.5381999999999997e-06,0.0,4016598595153.0977,3520830000952.47,0.05833006477417572,0.07696406031067123
55,,,13.6,,,0.0411,NO,2022-10-14 21:31:00,6252060.0,7200.0,0.0,,0.0,0.0,2.5381999999999997e-06,0.0,4001059465897.2573,3515865904541.548,0.0581044015931147,0.07685554697277794
56,,,13.6,,,0.0411,NO,2022-10-14 23:31:00,6259260.0,7200.0,0.0,,0.0,0.0,2.5381999999999997e-06,0.0,3985580453312.8516,3510870599412.406,0.057879611441622285,0.07674635142368143
57,,,13.6,,,0.0411,NO,2022-10-15 01:31:00,6266460.0,7200.0,0.0,,0.0,0.0,2.5381999999999997e-06,0.0,3970161324824.803,3505844499881.185,0.057655690942184146,0.07663648272018149
58,,,13.6,,,0.0411,NO,2022-10-15 03:31:00,6273660.0,7200.0,0.0,,0.0,0.0,2.5381999999999997e-06,0.0,3954801848757.805,3500788016951.5264,0.05743263673035264,0.0765259498466679
59,,,13.6,,,0.0411,NO,2022-10-15 05:31:00,6280860.0,7200.0,0.0,,0.0,0.0,2.5381999999999997e-06,0.0,3939501794332.8394,3495701558337.34,0.057210445454696265,0.0764147617156181
60,,,13.6,,,0.0411,NO,2022-10-15 07:31:00,6288060.0,7200.0,0.0,,0.0,0.0,2.5381999999999997e-06,0.0,3924260931663.7085,3490585528485.43,0.05698911377674929,0.07630292716809178
61,,,13.6,,,0.0411,NO,2022-10-15 09:31:00,6295260.0,7200.0,0.0,,0.0,0.0,2.5381999999999997e-06,0.0,3909079031753.5825,3485440328597.9766,0.05676863837096159,0.07619045497422236
62,,,13.6,,,0.0411,NO,2022-10-15 11:31:00,6302460.0,7200.0,0.0,,0.0,0.0,2.5381999999999997e-06,0.0,3893955866491.5586,3480266356654.8677,0.056549015924648706,0.07607735383370509
63,,,13.6,,,0.0411,NO,2022-10-15 13:31:00,6309660.0,7200.0,0.0,,0.0,0.0,2.5381999999999997e-06,0.0,3878891208649.2324,3475064007435.895,0.05633024313794205,0.0759636323762823
64,,,13.6,,,0.0411,NO,2022-10-15 15:31:00,6316860.0,7200.0,0.0,,0.0,0.0,2.5381999999999997e-06,0.0,3863884831877.2847,3469833672542.8013,0.05611231672373933,0.07584929916222533
65,,,13.6,,,0.0411,NO,2022-10-15 17:31:00,6324060.0,7200.0,0.0,,0.0,0.0,2.5381999999999997e-06,0.0,3848936510702.0806,3464575740421.1885,0.055895233407655155,0.07573436268281346
66,,,13.6,,,0.0411,NO,2022-10-15 19:31:00,6331260.0,7200.0,0.0,,0.0,0.0,2.5381999999999997e-06,0.0,3834046020522.2812,3459290596382.286,0.05567898992797187,0.07561883136080966
67,,,13.6,,,0.0411,NO,2022-10-15 21:31:00,6338460.0,7200.0,0.0,,0.0,0.0,2.5381999999999997e-06,0.0,3819213137605.4697,3453978622624.578,0.05546358303559048,0.07550271355093348
68,,,13.6,,,0.0411,NO,2022-10-15 23:31:00,6345660.0,7200.0,0.0,,0.0,0.0,2.5381999999999997e-06,0.0,3804437639084.7886,3448640198255.2905,0.0552490094939819,0.07538601754033067
69,,,13.6,,,0.0411,NO,2022-10-16 01:31:00,6352860.0,7200.0,0.0,,0.0,0.0,2.5381999999999997e-06,0.0,3789719302955.592,3443275699311.743,0.055035266079138265,0.07526875154903998
70,,,13.6,,,0.0411,NO,2022-10-16 03:31:00,6360060.0,7200.0,0.0,,0.0,0.0,2.5381999999999997e-06,0.0,3775057908072.1094,3437885498782.5615,0.05482234957952457,0.07515092373045677
71,,,13.6,,,0.0411,NO,2022-10-16 05:31:00,6367260.0,7200.0,0.0,,0.0,0.0,2.5381999999999997e-06,0.0,3760453234144.124,3432469966628.7534,0.05461025679603032,0.07503254217179381
72,,,13.6,,,0.0411,NO,2022-10-16 07:31:00,6374460.0,7200.0,0.0,,0.0,0.0,2.5381999999999997e-06,0.0,3745905061733.6616,3427029469804.65,0.05439898454192154,0.074913614894539
73,,,13.6,,,0.0411,NO,2022-10-16 09:31:00,6381660.0,7200.0,0.0,,0.0,0.0,2.5381999999999997e-06,0.0,3731413172251.694,3421564372278.7124,0.05418852964279286,0.07479414985491023
74,,,13.6,,,0.0411,NO,2022-10-16 11:31:00,6388860.0,7200.0,0.0,,0.0,0.0,2.5381999999999997e-06,0.0,3716977347954.854,3416075035054.204,0.053978888936519795,0.07467415494430722
75,,,13.6,,,0.0411,NO,2022-10-16 13:31:00,6396060.0,7200.0,0.0,,0.0,0.0,2.5381999999999997e-06,0.0,3702597371942.165,3410561816189.7295,0.05377005927321129,0.07455363798976056
76,,,13.6,,,0.0411,NO,2022-10-16 15:31:00,6403260.0,7200.0,0.0,,0.0,0.0,2.5381999999999997e-06,0.0,3688273028151.7817,3405025070819.6406,0.05356203751516235,0.07443260675437768
77,,,13.6,,,0.0411,NO,2022-10-16 17:31:00,6410460.0,7200.0,0.0,,0.0,0.0,2.5381999999999997e-06,0.0,3674004101357.7427,3399465151174.3135,0.05335482053680693,0.07431106893778623
78,,,13.6,,,0.0411,NO,2022-10-16 19:31:00,6417660.0,7200.0,0.0,,0.0,0.0,2.5381999999999997e-06,0.0,3659790377166.7373,3393882406600.2925,0.05314840522467092,0.0741890321765743
79,,,13.6,,,0.0411,NO,2022-10-16 21:31:00,6424860.0,7200.0,0.0,,0.0,0.0,2.5381999999999997e-06,0.0,3645631642014.885,3388277183580.305,0.0529427884773254,0.07406650404472802
80,,,13.6,,,0.0411,NO,2022-10-16 23:31:00,6432060.0,7200.0,0.0,,0.0,0.0,2.5381999999999997e-06,0.0,3631527683164.5254,3382649825753.149,0.05273796720534006,0.07394349205406621
81,,,13.6,,,0.0411,NO,2022-10-17 01:31:00,6439260.0,7200.0,0.0,,0.0,0.0,2.5381999999999997e-06,0.0,3617478288701.023,3377000673933.448,0.05253393833123674,0.07382000365467233
82,,,13.6,,,0.0411,NO,2022-10-17 03:31:00,6446460.0,7200.0,0.0,,0.0,0.0,2.5381999999999997e-06,0.0,3603483247529.5815,3371330066131.285,0.052330698789443214,0.07369604623532354
83,,,13.6,,,0.0411,NO,2022-10-17 05:31:00,6453660.0,7200.0,0.0,,0.0,0.0,2.5381999999999997e-06,0.0,3589542349372.0737,3365638337571.7026,0.05212824552624712,0.07357162712391709
84,,,13.6,,,0.0411,NO,2022-10-17 07:31:00,6460860.0,7200.0,0.0,,0.0,0.0,2.5381999999999997e-06,0.0,3575655384763.8813,3359925820714.0835,0.05192657549975007,0.07344675358789389
85,,,13.6,,,0.0411,NO,2022-10-17 09:31:00,6468060.0,7200.0,0.0,,0.0,0.0,2.5381999999999997e-06,0.0,3561822145050.748,3354192845271.402,0.05172568567982196,0.07332143283465933
86,,,13.6,,,0.0411,NO,2022-10-17 11:31:00,6475260.0,7200.0,0.0,,0.0,0.0,2.5381999999999997e-06,0.0,3548042422385.6436,3348439738229.353,0.05152557304805546,0.07319567201200156
87,,,13.6,,,0.0411,NO,2022-10-17 13:31:00,6482460.0,7200.0,0.0,,0.0,0.0,2.5381999999999997e-06,0.0,3534316009725.6416,3342666823865.358,0.05132623459772061,0.07306947820850673
88,,,13.6,,,0.0411,NO,2022-10-17 15:31:00,6489660.0,7200.0,0.0,,0.0,0.0,2.5381999999999997e-06,0.0,3520642700828.8086,3336874423767.4443,0.051127667333719665,0.07294285845397194
89,,,13.6,,,0.0411,NO,2022-10-17 17:31:00,6496860.0,7200.0,0.0,,0.0,0.0,2.5381999999999997e-06,0.0,3507022290251.1055,3331062856853.0093,0.05092986827254213,0.0728158197198152
90,,,13.6,,,0.0411,NO,2022-10-17 19:31:00,6504060.0,7200.0,0.0,,0.0,0.0,2.5381999999999997e-06,0.0,3493454573343.3003,3325232439387.4556,0.05073283444221988,0.07268836891948292
91,,,13.6,,,0.0411,NO,2022-10-17 21:31:00,6511260.0,7200.0,0.0,,0.0,0.0,2.5381999999999997e-06,0.0,3479939346247.893,3319383485002.713,0.05053656288228255,0.07256051290885478
92,,,13.6,,,0.0411,NO,2022-10-17 23:31:00,6518460.0,7200.0,0.0,,0.0,0.0,2.5381999999999997e-06,0.0,3466476405896.053,3313516304715.6343,0.050341050643713005,0.07243225848664576
93,,,13.6,,,0.0411,NO,2022-10-18 01:31:00,6525660.0,7200.0,0.0,,0.0,0.0,2.5381999999999997e-06,0.0,3453065550004.568,3307631206946.277,0.05014629478890306,0.07230361239480591
94,,,13.6,,,0.0411,NO,2022-10-18 03:31:00,6532860.0,7200.0,0.0,,0.0,0.0,2.5381999999999997e-06,0.0,3439706577072.804,3301728497536.0645,0.04995229239160935,0.07217458131891726
95,,,13.6,,,0.0411,NO,2022-10-18 05:31:00,6540060.0,7200.0,0.0,,0.0,0.0,2.5381999999999997e-06,0.0,3426399286379.6797,3295808479765.8296,0.049759040536909355,0.07204517188858824
96,,,13.6,,,0.0411,NO,2022-10-18 07:31:00,6547260.0,7200.0,0.0,,0.0,0.0,2.5381999999999997e-06,0.0,3413143477980.647,3289871454373.742,0.049566536321157574,0.0719153906778456
97,,,13.6,,,0.0411,NO,2022-10-18 09:31:00,6554460.0,7200.0,0.0,,0.0,0.0,2.5381999999999997e-06,0.0,3399938952704.6904,3283917719573.1206,0.04937477685194195,0.07178524420552379
98,,,13.6,,,0.0411,NO,2022-10-18 11:31:00,6561660.0,7200.0,0.0,,0.0,0.0,2.5381999999999997e-06,0.0,3386785512151.333,3277947571070.1265,0.04918375924804037,0.07165473893565168
99,,,13.6,,,0.0411,NO,2022-10-18 13:31:00,6568860.0,7200.0,0.0,,0.0,0.0,2.5381999999999997e-06,0.0,3373682958687.6553,3271961302081.3467,0.04899348063937738,0.07152388127783699
100,,,13.6,,,0.0411,NO,2022-10-18 15:31:00,6576060.0,7200.0,0.0,,0.0,0.0,2.5381999999999997e-06,0.0,3360631095445.325,3265959203351.261,0.048803938166981094,0.07139267758764803
101,,,13.6,,,0.0411,NO,2022-10-18 17:31:00,6583260.0,7200.0,0.0,,0.0,0.0,2.5381999999999997e-06,0.0,3347629726317.6416,3259941563169.5957,0.048615128982940174,0.07126113416699316
102,,,13.6,,,0.0411,NO,2022-10-18 19:31:00,6590460.0,7200.0,0.0,,0.0,0.0,2.5381999999999997e-06,0.0,3334678655956.5864,3253908667388.564,0.048427050250361106,0.07112925726449752
103,,,13.6,,,0.0411,NO,2022-10-18 21:31:00,6597660.0,7200.0,0.0,,0.0,0.0,2.5381999999999997e-06,0.0,3321777689769.89,3247860799439.998,0.048239699143325536,0.07099705307587766
104,,,13.6,,,0.0411,NO,2022-10-18 23:31:00,6604860.0,7200.0,0.0,,0.0,0.0,2.5381999999999997e-06,0.0,3308926633918.1084,3241798240352.366,0.04805307284684783,0.07086452774431343
105,,,13.6,,,0.0411,NO,2022-10-19 01:31:00,6612060.0,7200.0,0.0,,0.0,0.0,2.5381999999999997e-06,0.0,3296125295311.708,3235721268767.681,0.04786716855683276,0.07073168736081765
106,,,13.6,,,0.0411,NO,2022-10-19 03:31:00,6619260.0,7200.0,0.0,,0.0,0.0,2.5381999999999997e-06,0.0,3283373481608.168,3229630160958.3,0.04768198348003338,0.07059853796460336
107,,,13.6,,,0.0411,NO,2022-10-19 05:31:00,6626460.0,7200.0,0.0,,0.0,0.0,2.5381999999999997e-06,0.0,3270671001209.087,3223525190843.6104,0.04749751483400905,0.07046508554344848
108,,,13.6,,,0.0411,NO,2022-10-19 07:31:00,6633660.0,7200.0,0.0,,0.0,0.0,2.5381999999999997e-06,0.0,3258017663257.307,3217406630006.6157,0.04731375984708367,0.07033133603405849
109,,,13.6,,,0.0411,NO,2022-10-19 09:31:00,6640860.0,7200.0,0.0,,0.0,0.0,2.5381999999999997e-06,0.0,3245413277634.044,3211274747710.406,0.047130715758303965,0.07019729532242636
110,,,13.6,,,0.0411,NO,2022-10-19 11:31:00,6648060.0,7200.0,0.0,,0.0,0.0,2.5381999999999997e-06,0.0,3232857654956.0317,3205129810914.5234,0.04694837981739807,0.07006296924419037
111,,,13.6,,,0.0411,NO,2022-10-19 13:31:00,6655260.0,7200.0,0.0,,0.0,0.0,2.5381999999999997e-06,0.0,3220350606572.677,3198972084291.226,0.046766749284734135,0.06992836358498959
112,,,13.6,,,0.0411,NO,2022-10-19 15:31:00,6662460.0,7200.0,0.0,,0.0,0.0,2.5381999999999997e-06,0.0,3207891944563.2236,3192801830241.638,0.046585821431279255,0.06979348408081695
113,,,13.6,,,0.0411,NO,2022-10-19 17:31:00,6669660.0,7200.0,0.0,,0.0,0.0,2.5381999999999997e-06,0.0,3195481481733.9307,3186619308911.8013,0.04640559353855835,0.06965833641837006
114,,,13.6,,,0.0411,NO,2022-10-19 19:31:00,6676860.0,7200.0,0.0,,0.0,0.0,2.5381999999999997e-06,0.0,3183119031615.259,3180424778208.6196,0.04622606289861345,0.06952292623539985
115,,,13.6,,,0.0411,NO,2022-10-19 21:31:00,6684060.0,7200.0,0.0,,0.0,0.0,2.5381999999999997e-06,0.0,3170804408459.0684,3174218493815.6997,0.04604722681396289,0.06938725912105674
116,,,13.6,,,0.0411,NO,2022-10-19 23:31:00,6691260.0,7200.0,0.0,,0.0,0.0,2.5381999999999997e-06,0.0,3158537427235.8286,3168000709209.09,0.04586908259756082,0.06925134061623475
117,,,13.6,,,0.0411,NO,2022-10-20 01:31:00,6698460.0,7200.0,0.0,,0.0,0.0,2.5381999999999997e-06,0.0,3146317903631.8384,3161771675672.915,0.04569162757275689,0.06911517621391323
118,,,13.6,,,0.0411,NO,2022-10-20 03:31:00,6705660.0,7200.0,0.0,,0.0,0.0,2.5381999999999997e-06,0.0,3134145654046.456,3155531642314.911,0.045514859073255955,0.0689787713594965
119,,,13.6,,,0.0411,NO,2022-10-20 05:31:00,6712860.0,7200.0,0.0,,0.0,0.0,2.5381999999999997e-06,0.0,3122020495589.341,3149280856081.8564,0.04533877444307804,0.06884213145115108
120,,,13.6,,,0.0411,NO,2022-10-20 07:31:00,6720060.0,7200.0,0.0,,0.0,0.0,2.5381999999999997e-06,0.0,3109942246077.7046,3143019561774.906,0.04516337103651843,0.06870526184014099
121,,,13.6,,,0.0411,NO,2022-10-20 09:31:00,6727260.0,7200.0,0.0,,0.0,0.0,2.5381999999999997e-06,0.0,3097910724033.576,3136748002064.821,0.04498864621810794,0.06856816783116063
122,,,13.6,,,0.0411,NO,2022-10-20 11:31:00,6734460.0,7200.0,0.0,,0.0,0.0,2.5381999999999997e-06,0.0,3085925748681.0723,3130466417507.1035,0.044814597362573295,0.06843085468266553
123,,,13.6,,,0.0411,NO,2022-10-20 13:31:00,6741660.0,7200.0,0.0,,0.0,0.0,2.5381999999999997e-06,0.0,3073987139943.6826,3124175046557.031,0.044641221854797686,0.06829332760720117
124,,,13.6,,,0.0411,NO,2022-10-20 15:31:00,6748860.0,7200.0,0.0,,0.0,0.0,2.5381999999999997e-06,0.0,3062094718441.5645,3117874125584.5903,0.04446851708978148,0.06815559177172928
125,,,13.6,,,0.0411,NO,2022-10-20 17:31:00,6756060.0,7200.0,0.0,,0.0,0.0,2.5381999999999997e-06,0.0,3050248305488.8467,3111563888889.3193,0.044296480472603074,0.06801765229795234
126,,,13.6,,,0.0411,NO,2022-10-20 19:31:00,6763260.0,7200.0,0.0,,0.0,0.0,2.5381999999999997e-06,0.0,3038447723090.9453,3105244568715.0464,0.04412510941837993,0.06787951426263578
127,,,13.6,,,0.0411,NO,2022-10-20 21:31:00,6770460.0,7200.0,0.0,,0.0,0.0,2.5381999999999997e-06,0.0,3026692793941.8887,3098916395264.5366,0.0439544013522297,0.0677411826979281
128,,,13.6,,,0.0411,NO,2022-10-20 23:31:00,6777660.0,7200.0,0.0,,0.0,0.0,2.5381999999999997e-06,0.0,3014983341421.655,3092579596714.0425,0.043784353709231574,0.06760266259167906
129,,,13.6,,,0.0411,NO,2022-10-21 01:31:00,6784860.0,7200.0,0.0,,0.0,0.0,2.5381999999999997e-06,0.0,3003319189593.5156,3086234399227.7583,0.043614963934387706,0.06746395888775544
130,,,13.6,,,0.0411,NO,2022-10-21 03:31:00,6792060.0,7200.0,0.0,,0.0,0.0,2.5381999999999997e-06,0.0,2991700163201.3945,3079881026972.181,0.04344622948258485,0.06732507648635518
131,,,13.6,,,0.0411,NO,2022-10-21 05:31:00,6799260.0,7200.0,0.0,,0.0,0.0,2.5381999999999997e-06,0.0,2980126087667.234,3073519702130.377,0.04327814781855612,0.06718602024431908
132,,,13.6,,,0.0411,NO,2022-10-21 07:31:00,6806460.0,7200.0,0.0,,0.0,0.0,2.5381999999999997e-06,0.0,2968596789088.3706,3067150644916.154,0.04311071641684288,0.06704679497544072
133,,,13.6,,,0.0411,NO,2022-10-21 09:31:00,6813660.0,7200.0,0.0,,0.0,0.0,2.5381999999999997e-06,0.0,2957112094234.924,3060774073588.1436,0.04294393276175681,0.06690740545077423
134,,,13.6,,,0.0411,NO,2022-10-21 11:31:00,6820860.0,7200.0,0.0,,0.0,0.0,2.5381999999999997e-06,0.0,2945671830547.192,3054390204463.7896,0.04277779434734211,0.06676785639894006
135,,,13.6,,,0.0411,NO,2022-10-21 13:31:00,6828060.0,7200.0,0.0,,0.0,0.0,2.5381999999999997e-06,0.0,2934275826133.06,3047999251933.2437,0.04261229867733783,0.06662815250642878
136,,,13.6,,,0.0411,NO,2022-10-21 15:31:00,6835260.0,7200.0,0.0,,0.0,0.0,2.5381999999999997e-06,0.0,2922923909765.4175,3041601428473.174,0.0424474432651404,0.06648829841790288
137,,,13.6,,,0.0411,NO,2022-10-21 17:31:00,6842460.0,7200.0,0.0,,0.0,0.0,2.5381999999999997e-06,0.0,2911615910879.584,3035196944660.478,0.04228322563376619,0.0663482987364966
138,,,13.6,,,0.0411,NO,2022-10-21 19:31:00,6849660.0,7200.0,0.0,,0.0,0.0,2.5381999999999997e-06,0.0,2900351659570.7485,3028786009185.9106,0.04211964331581443,0.06620815802411374
139,,,13.6,,,0.0411,NO,2022-10-21 21:31:00,6856860.0,7200.0,0.0,,0.0,0.0,2.5381999999999997e-06,0.0,2889130986591.4155,3022368828867.6196,0.041956693853429976,0.06606788080172361
140,,,13.6,,,0.0411,NO,2022-10-21 23:31:00,6864060.0,7200.0,0.0,,0.0,0.0,2.5381999999999997e-06,0.0,2877953723348.862,3015945608664.594,0.041794374798266504,0.06592747154965503
141,,,13.6,,,0.0411,NO,2022-10-22 01:31:00,6871260.0,7200.0,0.0,,0.0,0.0,2.5381999999999997e-06,0.0,2866819701902.6035,3009516551690.0244,0.04163268371144967,0.06578693470788828
142,,,13.6,,,0.0411,NO,2022-10-22 03:31:00,6878460.0,7200.0,0.0,,0.0,0.0,2.5381999999999997e-06,0.0,2855728754961.8735,3003081859224.573,0.04147161816354044,0.06564627467634525
143,,,13.6,,,0.0411,NO,2022-10-22 05:31:00,6885660.0,7200.0,0.0,,0.0,0.0,2.5381999999999997e-06,0.0,2844680715883.1064,2996641730729.562,0.04131117573449868,0.06550549581517773
144,,,13.6,,,0.0411,NO,2022-10-22 07:31:00,6892860.0,7200.0,0.0,,0.0,0.0,2.5381999999999997e-06,0.0,2833675418667.436,2990196363860.0693,0.041151354013646675,0.0653646024450537
145,,,13.6,,,0.0411,NO,2022-10-22 09:31:00,6900060.0,7200.0,0.0,,0.0,0.0,2.5381999999999997e-06,0.0,2822712697958.2007,2983745954477.9424,0.040992150599633,0.0652235988474417
146,,,13.6,,,0.0411,NO,2022-10-22 11:31:00,6907260.0,7200.0,0.0,,0.0,0.0,2.5381999999999997e-06,0.0,2811792389038.4585,2977290696664.726,0.0408335631003964,0.06508248926489357
147,,,13.6,,,0.0411,NO,2022-10-22 13:31:00,6914460.0,7200.0,0.0,,0.0,0.0,2.5381999999999997e-06,0.0,2800914327828.5127,2970830782734.504,0.04067558913312985,0.06494127790132508
148,,,13.6,,,0.0411,NO,2022-10-22 15:31:00,6921660.0,7200.0,0.0,,0.0,0.0,2.5381999999999997e-06,0.0,2790078350883.447,2964366403246.6567,0.04051822632424477,0.0647999689222948
149,,,13.6,,,0.0411,NO,2022-10-22 17:31:00,6928860.0,7200.0,0.0,,0.0,0.0,2.5381999999999997e-06,0.0,2779284295390.668,2957897747018.536,0.04036147230933534,0.06465856645528124
150,,,13.6,,,0.0411,NO,2022-10-22 19:31:00,6936060.0,7200.0,0.0,,0.0,0.0,2.5381999999999997e-06,0.0,2768531999167.461,2951425001138.056,0.04020532473314298,0.06451707458995797
151,,,13.6,,,0.0411,NO,2022-10-22 21:31:00,6943260.0,7200.0,0.0,,0.0,0.0,2.5381999999999997e-06,0.0,2757821300658.552,2944948350976.2007,0.04004978124952098,0.06437549737846712
152,,,13.6,,,0.0411,NO,2022-10-22 23:31:00,6950460.0,7200.0,0.0,,0.0,0.0,2.5381999999999997e-06,0.0,2747152038933.679,2938467980199.449,0.039894839521399224,0.06423383883569098
153,,,13.6,,,0.0411,NO,2022-10-23 01:31:00,6957660.0,7200.0,0.0,,0.0,0.0,2.5381999999999997e-06,0.0,2736524053685.178,2931984070782.122,0.03974049722074908,0.06409210293952187
154,,,13.6,,,0.0411,NO,2022-10-23 03:31:00,6964860.0,7200.0,0.0,,0.0,0.0,2.5381999999999997e-06,0.0,2725937185225.571,2925496803018.641,0.03958675202854845,0.06395029363113011
155,,,13.6,,,0.0411,NO,2022-10-23 05:31:00,6972060.0,7200.0,0.0,,0.0,0.0,2.5381999999999997e-06,0.0,2715391274485.1655,2919006355535.7134,0.03943360163474689,0.0638084148152304
156,,,13.6,,,0.0411,NO,2022-10-23 07:31:00,6979260.0,7200.0,0.0,,0.0,0.0,2.5381999999999997e-06,0.0,2704886163009.669,2912512905304.4326,0.039281043738230895,0.06366647036034635
157,,,13.6,,,0.0411,NO,2022-10-23 09:31:00,6986460.0,7200.0,0.0,,0.0,0.0,2.5381999999999997e-06,0.0,2694421692957.804,2906016627652.3013,0.03912907604678937,0.06352446409907322
158,,,13.6,,,0.0411,NO,2022-10-23 11:31:00,6993660.0,7200.0,0.0,,0.0,0.0,2.5381999999999997e-06,0.0,2683997707098.9395,2899517696275.173,0.03897769627707915,0.06338239982833908
159,,,13.6,,,0.0411,NO,2022-10-23 13:31:00,7000860.0,7200.0,0.0,,0.0,0.0,2.5381999999999997e-06,0.0,2673614048810.7256,2893016283249.117,0.038826902154590705,0.06324028130966407
160,,,13.6,,,0.0411,NO,2022-10-23 15:31:00,7008060.0,7200.0,0.0,,0.0,0.0,2.5381999999999997e-06,0.0,2663270562076.7427,2886512559042.2056,0.038676691413613976,0.06309811226941807
161,,,13.6,,,0.0411,NO,2022-10-23 17:31:00,7015260.0,7200.0,0.0,,0.0,0.0,2.5381999999999997e-06,0.0,2652967091484.156,2880006692526.219,0.0385270617972043,0.06295589639907666
162,,,13.6,,,0.0411,NO,2022-10-23 19:31:00,7022460.0,7200.0,0.0,,0.0,0.0,2.5381999999999997e-06,0.0,2642703482221.3804,2873498850988.2803,0.03837801105714853,0.06281363735547539
163,,,13.6,,,0.0411,NO,2022-10-23 21:31:00,7029660.0,7200.0,0.0,,0.0,0.0,2.5381999999999997e-06,0.0,2632479580075.756,2866989200142.406,0.03822953695393126,0.06267133876106219
164,,,13.6,,,0.0411,NO,2022-10-23 23:31:00,7036860.0,7200.0,0.0,,0.0,0.0,2.5381999999999997e-06,0.0,2622295231431.2285,2860477904140.986,0.038081637256701134,0.06252900420414853
165,,,13.6,,,0.0411,NO,2022-10-24 01:31:00,7044060.0,7200.0,0.0,,0.0,0.0,2.5381999999999997e-06,0.0,2612150283266.0435,2853965125586.186,0.03793430974323739,0.062386637239158445
166,,,13.6,,,0.0411,NO,2022-10-24 03:31:00,7051260.0,7200.0,0.0,,0.0,0.0,2.5381999999999997e-06,0.0,2602044583150.445,2847451025541.2725,0.037787552199916384,0.06224424138687622
167,,,13.6,,,0.0411,NO,2022-10-24 05:31:00,7058460.0,7200.0,0.0,,0.0,0.0,2.5381999999999997e-06,0.0,2591977979244.387,2840935763541.866,0.03764136242167843,0.062101820134692357
168,,,13.6,,,0.0411,NO,2022-10-24 07:31:00,7065660.0,7200.0,0.0,,0.0,0.0,2.5381999999999997e-06,0.0,2581950320295.252,2834419497607.119,0.03749573821199459,0.061959376936847936
169,,,13.6,,,0.0411,NO,2022-10-24 09:31:00,7072860.0,7200.0,0.0,,0.0,0.0,2.5381999999999997e-06,0.0,2571961455635.5767,2827902384250.8184,0.03735067738283371,0.061816915214677276
170,,,13.6,,,0.0411,NO,2022-10-24 11:31:00,7080060.0,7200.0,0.0,,0.0,0.0,2.5381999999999997e-06,0.0,2562011235180.7896,2821384578492.415,0.037206177754629526,0.06167443835684906
171,,,13.6,,,0.0411,NO,2022-10-24 13:31:00,7087260.0,7200.0,0.0,,0.0,0.0,2.5381999999999997e-06,0.0,2552099509426.956,2814866233867.984,0.03706223715624794,0.06153194971960593
172,,,13.6,,,0.0411,NO,2022-10-24 15:31:00,7094460.0,7200.0,0.0,,0.0,0.0,2.5381999999999997e-06,0.0,2542226129448.5317,2808347502441.1055,0.03691885342495437,0.061389452627002315
173,,,13.6,,,0.0411,NO,2022-10-24 17:31:00,7101660.0,7200.0,0.0,,0.0,0.0,2.5381999999999997e-06,0.0,2532390946896.124,2801828534813.6797,0.03677602440638128,0.06124695037114083
174,,,13.6,,,0.0411,NO,2022-10-24 19:31:00,7108860.0,7200.0,0.0,,0.0,0.0,2.5381999999999997e-06,0.0,2522593813994.264,2795309480136.668,0.036633747954495775,0.06110444621240714
175,,,13.6,,,0.0411,NO,2022-10-24 21:31:00,7116060.0,7200.0,0.0,,0.0,0.0,2.5381999999999997e-06,0.0,2512834583539.1865,2788790486120.7603,0.036492021931567385,0.06096194337970305
176,,,13.6,,,0.0411,NO,2022-10-24 23:31:00,7123260.0,7200.0,0.0,,0.0,0.0,2.5381999999999997e-06,0.0,2503113108896.617,2782271699046.977,0.03635084420813596,0.06081944507067838
177,,,13.6,,,0.0411,NO,2022-10-25 01:31:00,7130460.0,7200.0,0.0,,0.0,0.0,2.5381999999999997e-06,0.0,2493429243999.57,2775753263777.196,0.03621021266297963,0.06067695445196094
178,,,13.6,,,0.0411,NO,2022-10-25 03:31:00,7137660.0,7200.0,0.0,,0.0,0.0,2.5381999999999997e-06,0.0,2483782843346.152,2769235323764.6113,0.03607012518308295,0.06053447465938527
179,,,13.6,,,0.0411,NO,2022-10-25 05:31:00,7144860.0,7200.0,0.0,,0.0,0.0,2.5381999999999997e-06,0.0,2474173761997.3784,2762718021064.1245,0.035930579663605196,0.06039200879821973
180,,,13.6,,,0.0411,NO,2022-10-25 07:31:00,7152060.0,7200.0,0.0,,0.0,0.0,2.5381999999999997e-06,0.0,2464601855574.994,2756201496342.663,0.03579157400784866,0.06024955994339207
181,,,13.6,,,0.0411,NO,2022-10-25 09:31:00,7159260.0,7200.0,0.0,,0.0,0.0,2.5381999999999997e-06,0.0,2455066980259.303,2749685888889.434,0.03565310612722721,0.06010713113971359
182,,,13.6,,,0.0411,NO,2022-10-25 11:31:00,7166460.0,7200.0,0.0,,0.0,0.0,2.5381999999999997e-06,0.0,2445568992787.01,2743171336626.108,0.03551517394123488,0.05996472540210171
183,,,13.6,,,0.0411,NO,2022-10-25 13:31:00,7173660.0,7200.0,0.0,,0.0,0.0,2.5381999999999997e-06,0.0,2436107750449.065,2736657976116.933,0.03537777537741463,0.059822345715801147
184,,,13.6,,,0.0411,NO,2022-10-25 15:31:00,7180860.0,7200.0,0.0,,0.0,0.0,2.5381999999999997e-06,0.0,2426683111088.5215,2730145942578.787,0.03524090837132716,0.059679995036603505
185,,,13.6,,,0.0411,NO,2022-10-25 17:31:00,7188060.0,7200.0,0.0,,0.0,0.0,2.5381999999999997e-06,0.0,2417294933098.4,2723635369891.1577,0.035104570866519955,0.05953767629106562
186,,,13.6,,,0.0411,NO,2022-10-25 19:31:00,7195260.0,7200.0,0.0,,0.0,0.0,2.5381999999999997e-06,0.0,2407943075419.559,2717126390606.0586,0.034968760814496354,0.05939539237672617
187,,,13.6,,,0.0411,NO,2022-10-25 21:31:00,7202460.0,7200.0,0.0,,0.0,0.0,2.5381999999999997e-06,0.0,2398627397538.577,2710619135957.8804,0.03483347617468476,0.0592531461623211
188,,,13.6,,,0.0411,NO,2022-10-25 23:31:00,7209660.0,7200.0,0.0,,0.0,0.0,2.5381999999999997e-06,0.0,2389347759485.641,2704113735873.174,0.034698714914408006,0.05911094048799744
189,,,13.6,,,0.0411,NO,2022-10-26 01:31:00,7216860.0,7200.0,0.0,,0.0,0.0,2.5381999999999997e-06,0.0,2380104021832.443,2697610318980.3696,0.0345644750088528,0.05896877816552581
190,,,13.6,,,0.0411,NO,2022-10-26 03:31:00,7224060.0,7200.0,0.0,,0.0,0.0,2.5381999999999997e-06,0.0,2370896045690.0845,2691109012619.432,0.03443075444103929,0.05882666197851139
191,,,13.6,,,0.0411,NO,2022-10-26 05:31:00,7231260.0,7200.0,0.0,,0.0,0.0,2.5381999999999997e-06,0.0,2361723692706.9917,2684609942851.4497,0.03429755120179078,0.05868459468260362
192,,,13.6,,,0.0411,NO,2022-10-26 07:31:00,7238460.0,7200.0,0.0,,0.0,0.0,2.5381999999999997e-06,0.0,2352586825066.8345,2678113234468.161,0.034164863289703536,0.05854257900570443
193,,,13.6,,,0.0411,NO,2022-10-26 09:31:00,7245660.0,7200.0,0.0,,0.0,0.0,2.5381999999999997e-06,0.0,2343485305486.4575,2671619011001.4185,0.0340326887111167,0.05840061764817505
194,,,13.6,,,0.0411,NO,2022-10-26 11:31:00,7252860.0,7200.0,0.0,,0.0,0.0,2.5381999999999997e-06,0.0,2334418997213.816,2665127394732.586,0.033901025480082364,0.058258713283041545
195,,,13.6,,,0.0411,NO,2022-10-26 13:31:00,7260060.0,7200.0,0.0,,0.0,0.0,2.5381999999999997e-06,0.0,2325387764025.922,2658638506701.8774,0.0337698716183357,0.05811686855619885
196,,,13.6,,,0.0411,NO,2022-10-26 15:31:00,7267260.0,7200.0,0.0,,0.0,0.0,2.5381999999999997e-06,0.0,2316391470226.7974,2652152466717.631,0.03363922515526527,0.05797508608661358
197,,,13.6,,,0.0411,NO,2022-10-26 17:31:00,7274460.0,7200.0,0.0,,0.0,0.0,2.5381999999999997e-06,0.0,2307429980645.4346,2645669393365.5195,0.033509084127883344,0.0578333684665253
198,,,13.6,,,0.0411,NO,2022-10-26 19:31:00,7281660.0,7200.0,0.0,,0.0,0.0,2.5381999999999997e-06,0.0,2298503160633.7666,2639189404017.705,0.03337944658079653,0.057691718261646686
199,,,13.6,,,0.0411,NO,2022-10-26 21:31:00,7288860.0,7200.0,0.0,,0.0,0.0,2.5381999999999997e-06,0.0,2289610876064.6426,2632712614841.927,0.03325031056617627,0.05755013801136216
200,,,13.6,,,0.0411,NO,2022-10-26 23:31:00,7296060.0,7200.0,0.0,,0.0,0.0,2.5381999999999997e-06,0.0,2280752993329.813,2626239140810.5293,0.033121674143729636,0.05740863022892527
201,,,13.6,,,0.0411,NO,2022-10-27 01:31:00,7303260.0,7200.0,0.0,,0.0,0.0,2.5381999999999997e-06,0.0,2271929379337.9233,2619769095709.433,0.03299353538067019,0.05726719740165477
202,,,13.6,,,0.0411,NO,2022-10-27 03:31:00,7310460.0,7200.0,0.0,,0.0,0.0,2.5381999999999997e-06,0.0,2263139901512.5127,2613302592147.043,0.03286589235168889,0.05712584199112932
203,,,13.6,,,0.0411,NO,2022-10-27 05:31:00,7317660.0,7200.0,0.0,,0.0,0.0,2.5381999999999997e-06,0.0,2254384427790.023,2606839741563.096,0.032738743138925205,0.05698456643338095
204,,,13.6,,,0.0411,NO,2022-10-27 07:31:00,7324860.0,7200.0,0.0,,0.0,0.0,2.5381999999999997e-06,0.0,2245662826617.8135,2600380654237.453,0.032612085831938295,0.05684337313908721
205,,,13.6,,,0.0411,NO,2022-10-27 09:31:00,7332060.0,7200.0,0.0,,0.0,0.0,2.5381999999999997e-06,0.0,2236974966952.185,2593925439298.8286,0.03248591852767827,0.05670226449376204
206,,,13.6,,,0.0411,NO,2022-10-27 11:31:00,7339260.0,7200.0,0.0,,0.0,0.0,2.5381999999999997e-06,0.0,2228320718256.4116,2587474204733.464,0.03236023933045765,0.05656124285794529
207,,,13.6,,,0.0411,NO,2022-10-27 13:31:00,7346460.0,7200.0,0.0,,0.0,0.0,2.5381999999999997e-06,0.0,2219699950498.778,2581027057393.741,0.032235046351922855,0.05642031056739108
208,,,13.6,,,0.0411,NO,2022-10-27 15:31:00,7353660.0,7200.0,0.0,,0.0,0.0,2.5381999999999997e-06,0.0,2211112534150.6255,2574584103006.74,0.03211033771102581,0.05627946993325484
209,,,13.6,,,0.0411,NO,2022-10-27 17:31:00,7360860.0,7200.0,0.0,,0.0,0.0,2.5381999999999997e-06,0.0,2202558340184.408,2568145446182.7383,0.03198611153399571,0.056138723242279094
210,,,13.6,,,0.0411,NO,2022-10-27 19:31:00,7368060.0,7200.0,0.0,,0.0,0.0,2.5381999999999997e-06,0.0,2194037240071.7517,2561711190423.6514,0.031862365954310884,0.05599807275697799
211,,,13.6,,,0.0411,NO,2022-10-27 21:31:00,7375260.0,7200.0,0.0,,0.0,0.0,2.5381999999999997e-06,0.0,2185549105781.5232,2555281438131.421,0.0317390991126707,0.05585752071582064
212,,,13.6,,,0.0411,NO,2022-10-27 23:31:00,7382460.0,7200.0,0.0,,0.0,0.0,2.5381999999999997e-06,0.0,2177093809777.9077,2548856290616.342,0.03161630915696766,0.05571706933341316
213,,,13.6,,,0.0411,NO,2022-10-28 01:31:00,7389660.0,7200.0,0.0,,0.0,0.0,2.5381999999999997e-06,0.0,2168671225018.4915,2542435848105.337,0.031493994242259585,0.05557672080067954
214,,,13.6,,,0.0411,NO,2022-10-28 03:31:00,7396860.0,7200.0,0.0,,0.0,0.0,2.5381999999999997e-06,0.0,2160281224952.3535,2536020209750.174,0.031372152530741854,0.05543647728504129
215,,,13.6,,,0.0411,NO,2022-10-28 05:31:00,7404060.0,7200.0,0.0,,0.0,0.0,2.5381999999999997e-06,0.0,2151923683518.1638,2529609473635.6284,0.031250782191719825,0.05529634093059582
216,,,13.6,,,0.0411,NO,2022-10-28 07:31:00,7411260.0,7200.0,0.0,,0.0,0.0,2.5381999999999997e-06,0.0,2143598475142.2896,2523203736787.592,0.03112988140158131,0.05515631385829378
217,,,13.6,,,0.0411,NO,2022-10-28 09:31:00,7418460.0,7200.0,0.0,,0.0,0.0,2.5381999999999997e-06,0.0,2135305474736.9082,2516803095181.1235,0.03100944834376919,0.05501639816611496
218,,,13.6,,,0.0411,NO,2022-10-28 11:31:00,7425660.0,7200.0,0.0,,0.0,0.0,2.5381999999999997e-06,0.0,2127044557698.1282,2510407643748.4507,0.030889481208754104,0.05487659592924325
219,,,13.6,,,0.0411,NO,2022-10-28 13:31:00,7432860.0,7200.0,0.0,,0.0,0.0,2.5381999999999997e-06,0.0,2118815599904.116,2504017476386.9126,0.030769978194007272,0.05473690920024024
220,,,13.6,,,0.0411,NO,2022-10-28 15:31:00,7440060.0,7200.0,0.0,,0.0,0.0,2.5381999999999997e-06,0.0,2110618477713.2324,2497632685966.852,0.030650937503973404,0.05459734000921779
221,,,13.6,,,0.0411,NO,2022-10-28 17:31:00,7447260.0,7200.0,0.0,,0.0,0.0,2.5381999999999997e-06,0.0,2102453067962.1738,2491253364339.455,0.030532357350043744,0.05445789036400932
222,,,13.6,,,0.0411,NO,2022-10-28 19:31:00,7454460.0,7200.0,0.0,,0.0,0.0,2.5381999999999997e-06,0.0,2094319247964.122,2484879602344.5347,0.030414235950529146,0.054318562250340034
223,,,13.6,,,0.0411,NO,2022-10-28 21:31:00,7461660.0,7200.0,0.0,,0.0,0.0,2.5381999999999997e-06,0.0,2086216895506.9011,2478511489818.265,0.03029657153063337,0.05417935763199597
224,,,13.6,,,0.0411,NO,2022-10-28 23:31:00,7468860.0,7200.0,0.0,,0.0,0.0,2.5381999999999997e-06,0.0,2078145888851.1404,2472149115600.8623,0.030179362322426344,0.05404027845099183
225,,,13.6,,,0.0411,NO,2022-10-29 01:31:00,7476060.0,7200.0,0.0,,0.0,0.0,2.5381999999999997e-06,0.0,2070106106728.446,2465792567544.2124,0.030062606564817674,0.05390132662773784
226,,,13.6,,,0.0411,NO,2022-10-29 03:31:00,7483260.000000001,7200.000000000931,0.0,,0.0,0.0,2.5381999999999997e-06,0.0,2062097428339.5776,2459441932519.4497,0.029946302503530108,0.05376250406120533
227,,,13.6,,,0.0411,NO,2022-10-29 05:31:00,7490460.000000001,7200.0,0.0,,0.0,0.0,2.5381999999999997e-06,0.0,2054119733352.6372,2453097296424.485,0.02983044839107327,0.0536238126290913
228,,,13.6,,,0.0411,NO,2022-10-29 07:31:00,7497660.000000001,7200.0,0.0,,0.0,0.0,2.5381999999999997e-06,0.0,2046172901901.2554,2446758744191.477,0.029715042486717302,0.05348525418798179
229,,,13.6,,,0.0411,NO,2022-10-29 09:31:00,7504860.000000001,7200.0,0.0,,0.0,0.0,2.5381999999999997e-06,0.0,2038256814582.794,2440426359794.2603,0.029600083056466768,0.05334683057351421
230,,,13.6,,,0.0411,NO,2022-10-29 11:31:00,7512060.000000001,7200.0,0.0,,0.0,0.0,2.5381999999999997e-06,0.0,2030371352456.5513,2434100226255.7188,0.0294855683730346,0.05320854360053853
231,,,13.6,,,0.0411,NO,2022-10-29 13:31:00,7519260.000000001,7200.0,0.0,,0.0,0.0,2.5381999999999997e-06,0.0,2022516397041.9749,2427780425655.112,0.02937149671581613,0.053070395063277445
232,,,13.6,,,0.0411,NO,2022-10-29 15:31:00,7526460.000000001,7200.0,0.0,,0.0,0.0,2.5381999999999997e-06,0.0,2014691830316.8813,2421467039135.348,0.02925786637086323,0.05293238673548536
233,,,13.6,,,0.0411,NO,2022-10-29 17:31:00,7533660.000000001,7200.0,0.0,,0.0,0.0,2.5381999999999997e-06,0.0,2006897534715.6833,2415160146910.213,0.029144675630858596,0.05279452037060637
234,,,13.6,,,0.0411,NO,2022-10-29 19:31:00,7540860.000000001,7200.0,0.0,,0.0,0.0,2.5381999999999997e-06,0.0,1999133393127.6226,2408859828271.544,0.029031922795090058,0.05265679770193114
235,,,13.6,,,0.0411,NO,2022-10-29 21:31:00,7548060.000000001,7200.0,0.0,,0.0,0.0,2.5381999999999997e-06,0.0,1991399288895.0105,2402566161596.3613,0.028919606169425027,0.05251922044275278
236,,,13.6,,,0.0411,NO,2022-10-29 23:31:00,7555260.000000001,7200.0,0.0,,0.0,0.0,2.5381999999999997e-06,0.0,1983695105811.4756,2396279224353.947,0.028807724066285078,0.05238179028652151
237,,,13.6,,,0.0411,NO,2022-10-30 01:31:00,7562460.000000001,7200.0,0.0,,0.0,0.0,2.5381999999999997e-06,0.0,1976020728120.2173,2389999093112.876,0.02869627480462055,0.05224450890699852
238,,,13.6,,,0.0411,NO,2022-10-30 03:31:00,7569660.000000001,7200.0,0.0,,0.0,0.0,2.5381999999999997e-06,0.0,1968376040512.2664,2383725843548.0024,0.02858525670988531,0.0521073779584085
239,,,13.6,,,0.0411,NO,2022-10-30 05:31:00,7576860.000000001,7200.0,0.0,,0.0,0.0,2.5381999999999997e-06,0.0,1960760928124.753,2377459550447.396,0.02847466811401161,0.051970399075591395
240,,,13.6,,,0.0411,NO,2022-10-30 07:31:00,7584060.000000001,7200.0,0.0,,0.0,0.0,2.5381999999999997e-06,0.0,1953175276539.1802,2371200287719.231,0.02836450735538496,0.05183357387415295
241,,,13.6,,,0.0411,NO,2022-10-30 09:31:00,7591260.000000001,7200.0,0.0,,0.0,0.0,2.5381999999999997e-06,0.0,1945618971779.7056,2364948128398.6313,0.028254772778819246,0.05169690395061436
242,,,13.6,,,0.0411,NO,2022-10-30 11:31:00,7598460.000000001,7200.0,0.0,,0.0,0.0,2.5381999999999997e-06,0.0,1938091900311.4282,2358703144654.4653,0.028145462735531805,0.05156039088256077
243,,,13.6,,,0.0411,NO,2022-10-30 13:31:00,7605660.000000001,7200.0,0.0,,0.0,0.0,2.5381999999999997e-06,0.0,1930593949038.6826,2352465407796.0967,0.02803657558311866,0.05142403622878887
244,,,13.6,,,0.0411,NO,2022-10-30 15:31:00,7612860.000000001,7200.0,0.0,,0.0,0.0,2.5381999999999997e-06,0.0,1923125005303.3398,2346234988280.0903,0.02792810968552985,0.051287841529453496
245,,,13.6,,,0.0411,NO,2022-10-30 17:31:00,7620060.000000001,7200.0,0.0,,0.0,0.0,2.5381999999999997e-06,0.0,1915684956883.1147,2340011955716.869,0.02782006341304486,0.051151808306213103
246,,,13.6,,,0.0411,NO,2022-10-30 19:31:00,7627260.000000001,7200.0,0.0,,0.0,0.0,2.5381999999999997e-06,0.0,1908273691989.8796,2333796378877.329,0.027712435142248113,0.05101593806237442
247,,,13.6,,,0.0411,NO,2022-10-30 21:31:00,7634460.000000001,7200.0,0.0,,0.0,0.0,2.5381999999999997e-06,0.0,1900891099267.9849,2327588325699.407,0.027605223256004584,0.050880232283035974
248,,,13.6,,,0.0411,NO,2022-10-30 23:31:00,7641660.000000001,7200.0,0.0,,0.0,0.0,2.5381999999999997e-06,0.0,1893537067792.5852,2321387863294.606,0.0274984261434355,0.05074469243523075
249,,,13.6,,,0.0411,NO,2022-10-31 01:31:00,7648860.000000001,7200.0,0.0,,0.0,0.0,2.5381999999999997e-06,0.0,1886211487067.9739,2315195057954.4717,0.02739204219989415,0.05060931996806778
250,,,13.6,,,0.0411,NO,2022-10-31 03:31:00,7656060.000000001,7200.0,0.0,,0.0,0.0,2.5381999999999997e-06,0.0,1878914247025.922,2309009975157.0303,0.027286069826941765,0.05047411631287284
251,,,13.6,,,0.0411,NO,2022-10-31 05:31:00,7663260.000000001,7200.0,0.0,,0.0,0.0,2.5381999999999997e-06,0.0,1871645238024.025,2302832679573.178,0.027180507432323496,0.050339082883328154
252,,,13.6,,,0.0411,NO,2022-10-31 07:31:00,7670460.000000001,7200.0,0.0,,0.0,0.0,2.5381999999999997e-06,0.0,1864404350844.054,2296663235073.031,0.0270753534299445,0.050204221075611156
253,,,13.6,,,0.0411,NO,2022-10-31 09:31:00,7677660.000000001,7200.0,0.0,,0.0,0.0,2.5381999999999997e-06,0.0,1857191476690.3167,2290501704732.225,0.0269706062398461,0.05006953226853228
254,,,13.6,,,0.0411,NO,2022-10-31 11:31:00,7684860.000000001,7200.0,0.0,,0.0,0.0,2.5381999999999997e-06,0.0,1850006507188.0217,2284348150838.183,0.026866264288182052,0.049935017823671865
255,,,13.6,,,0.0411,NO,2022-10-31 13:31:00,7692060.000000001,7200.0,0.0,,0.0,0.0,2.5381999999999997e-06,0.0,1842849334381.6501,2278202634896.3286,0.0267623260071949,0.04980067908551605
256,,,13.6,,,0.0411,NO,2022-10-31 15:31:00,7699260.000000001,7200.0,0.0,,0.0,0.0,2.5381999999999997e-06,0.0,1835719850733.3335,2272065217636.2637,0.02665878983519241,0.04966651738159181
257,,,13.6,,,0.0411,NO,2022-10-31 17:31:00,7706460.000000001,7200.0,0.0,,0.0,0.0,2.5381999999999997e-06,0.0,1828617949121.2383,2265935959017.903,0.02655565421652411,0.049532534022601
258,,,13.6,,,0.0411,NO,2022-10-31 19:31:00,7713660.000000001,7200.0,0.0,,0.0,0.0,2.5381999999999997e-06,0.0,1821543522837.9563,2259814918237.564,0.026452917601557924,0.04939873030255355
259,,,13.6,,,0.0411,NO,2022-10-31 21:31:00,7720860.000000001,7200.0,0.0,,0.0,0.0,2.5381999999999997e-06,0.0,1814496465588.9014,2253702153734.0186,0.026350578446656878,0.04926510749889972
260,,,13.6,,,0.0411,NO,2022-10-31 23:31:00,7728060.000000001,7200.0,0.0,,0.0,0.0,2.5381999999999997e-06,0.0,1807476671490.712,2247597723194.501,0.026248635214155904,0.04913166687266141
261,,,13.6,,,0.0411,NO,2022-11-01 01:31:00,7735260.000000001,7200.0,0.0,,0.0,0.0,2.5381999999999997e-06,0.0,1800484035069.661,2241501683560.6753,0.02614708637233876,0.048998409668562636
262,,,13.6,,,0.0411,NO,2022-11-01 03:31:00,7742460.000000001,7200.0,0.0,,0.0,0.0,2.5381999999999997e-06,0.0,1793518451260.0698,2235414091034.561,0.02604593039541498,0.04886533711515907
263,,,13.6,,,0.0411,NO,2022-11-01 05:31:00,7749660.000000001,7200.0,0.0,,0.0,0.0,2.5381999999999997e-06,0.0,1786579815402.7312,2229335001084.4214,0.025945165763496977,0.048732450424966704
