,Date,Time,Energy (MeV),Accumulated Dose,Pressure,Radium target mass (g),Extraction,Date and Time,Elapsed time (s),dt (s),Integrated Power (kWhr from Acc),Dose rate (Gy/s),power,electrons,reaction rate per gram,reactions per second,Radium-225,Actinium-225,Radium-225 Activity (mCi),Actinium-225 Activity (mCi)
0,,,13.6,,,0.0411,NO,2022-10-10 07:31:00,5856060.0,5856060.0,0.044043128350623933,,0.02707541624611875,12442746436.635454,2.5381999999999997e-06,1298.0275571247391,4951803808962.872,3729641659579.0444,0.07191135237520664,0.08152860704645779
1,,,13.6,,,0.0411,NO,2022-10-10 09:31:00,5863260.0,7200.0,0.04435331250435627,,22.176656252178134,10191478057067.156,2.5381999999999997e-06,1063175.1947428067,4940301486092.266,3727079622934.623,0.07174431272157893,0.08147260185939506
2,,,13.6,,,0.0411,NO,2022-10-10 11:31:00,5870460.0,7200.0,0.04540443070222856,,22.70221535111428,10433003378269.43,2.5381999999999997e-06,1088371.1210811343,4929025073255.021,3724488006708.3086,0.07158055379082329,0.08141595007345533
3,,,13.6,,,0.0411,NO,2022-10-10 13:31:00,5877660.0,7200.0,0.043937686954766464,,21.96884347738323,10095975862768.03,2.5381999999999997e-06,1053212.4039234777,4917539143033.3955,3721867857138.615,0.07141375219540681,0.08135867455903108
4,,,13.6,,,0.0411,NO,2022-10-10 15:31:00,5884860.0,7200.0,0.043777725379638886,,21.888862689819444,10059219986130.26,2.5381999999999997e-06,1049378.0301375082,4906070041265.529,3719218529820.946,0.07124719498706926,0.08130076122967275
5,,,13.6,,,0.0411,NO,2022-10-10 17:31:00,5892060.0,7200.0,0.04282349035889307,,21.411745179446534,9839956424378.002,2.5381999999999997e-06,1026504.4509902414,4894480620568.104,3716540259773.916,0.07107889047668285,0.08124221522280162
6,,,13.6,,,0.0411,NO,2022-10-10 19:31:00,5899260.0,7200.0,0.043840575573440226,,21.920287786720113,10073661666691.229,2.5381999999999997e-06,1050884.586542462,4883111573168.221,3713832750061.55,0.07091378628328496,0.08118303004750548
7,,,13.6,,,0.0411,NO,2022-10-10 21:31:00,5906460.0,7200.0,0.046984634835276734,,23.49231741763837,10796101754429.396,2.5381999999999997e-06,1126249.5509441094,4872329137269.151,3711097023522.761,0.07075720101106606,0.08112322806267012
8,,,13.6,,,0.0411,NO,2022-10-10 23:31:00,5913660.0,7200.0,0.04213719054841681,,21.068595274208405,9682258857632.54,2.5381999999999997e-06,1010053.4376734034,4860751803671.052,3708335513916.214,0.07058907203260545,0.08106286246937272
9,,,13.6,,,0.0411,NO,2022-10-11 01:31:00,5920860.0,7200.0,0.04597111725965132,,22.98555862982566,10563216282088.998,2.5381999999999997e-06,1101954.9338118497,4849880950405.011,3705545296143.859,0.07043120274093068,0.08100186932603624
10,,,13.6,,,0.0411,NO,2022-10-11 03:31:00,5928060.0,7200.0,0.04524692412203089,,22.623462061015445,10396811608922.54,2.5381999999999997e-06,1084595.5949790312,4838927166278.676,3702729270565.587,0.07027212910624324,0.0809403120334706
11,,,13.6,,,0.0411,NO,2022-10-11 05:31:00,5935260.0,7200.0,0.04322007790485047,,21.610038952425235,9931084077401.303,2.5381999999999997e-06,1036010.8895761853,4827665949489.721,3699887266633.7734,0.07010859085635976,0.08087818686356689
12,,,13.6,,,0.0411,NO,2022-10-11 07:31:00,5942460.0,7200.0,0.04397919923819683,,21.989599619098414,10105514530835.668,2.5381999999999997e-06,1054207.4779670672,4816579314726.949,3697018246257.4536,0.06994758793099388,0.08081547112403506
13,,,13.6,,,0.0411,NO,2022-10-11 09:31:00,5949660.0,7200.0,0.04254002997592904,,21.27001498796452,9774823064321.93,2.5381999999999997e-06,1019709.7375665248,4805287187412.611,3694123042174.8276,0.06978360079061138,0.08075218301822856
14,,,13.6,,,0.0411,NO,2022-10-11 11:31:00,5956860.0,7200.0,0.043973632193867934,,21.986816096933968,10104235338664.508,2.5381999999999997e-06,1054074.032614188,4794286169196.814,3691201011869.3906,0.06962384121048214,0.08068830850097086
15,,,13.6,,,0.0411,NO,2022-10-11 13:31:00,5964060.0,7200.0,0.043862894640223964,,21.93144732011198,10078790128727.934,2.5381999999999997e-06,1051419.5878047005,4783308598930.536,3688253437783.2046,0.06946442214743019,0.08062387560597792
16,,,13.6,,,0.0411,NO,2022-10-11 15:31:00,5971260.0,7200.0,0.04570265796751514,,22.85132898375757,10501529863859.176,2.5381999999999997e-06,1095519.8054283862,4772691019469.545,3685280559381.8477,0.06931023096226872,0.08055888956787996
17,,,13.6,,,0.0411,NO,2022-10-11 17:31:00,5978460.0,7200.0,0.04556335124913046,,22.78167562456523,10469520048053.875,2.5381999999999997e-06,1092180.540803381,4762090473834.98,3682283916729.313,0.06915628714666018,0.08049338405191446
18,,,13.6,,,0.0411,NO,2022-10-11 19:31:00,5985660.0,7200.0,0.042425952509812084,,21.212976254906042,9748610411261.969,2.5381999999999997e-06,1016975.2330750566,4750989460617.251,3679263714113.7534,0.06899507541372016,0.08042736352374596
19,,,13.6,,,0.0411,NO,2022-10-11 21:31:00,5992860.0,7200.0,0.04437195021524026,,22.18597510762013,10195760619310.723,2.5381999999999997e-06,1063621.9517217067,4740267250579.433,3676218152561.2427,0.06883936475675209,0.08036078865846025
20,,,13.6,,,0.0411,NO,2022-10-11 23:31:00,6000060.0,7200.0,0.04715878666392983,,23.579393331964916,10836118259175.053,2.5381999999999997e-06,1130424.0735195065,4730067497137.574,3673148845233.8276,0.06869124134714323,0.08029369471919161
21,,,13.6,,,0.0411,NO,2022-10-12 01:31:00,6007260.0,7200.0,0.042844998423552764,,21.422499211776383,9844898534823.705,2.5381999999999997e-06,1027020.0120507794,4719162694529.461,3670057951655.514,0.0685328790345018,0.08022612891234752
22,,,13.6,,,0.0411,NO,2022-10-12 03:31:00,6014460.0,7200.0,0.04351067610799872,,21.75533805399936,9997857561580.588,2.5381999999999997e-06,1042976.7007812379,4708414967800.295,3666942869888.056,0.06837679781766227,0.0801580343605065
23,,,13.6,,,0.0411,NO,2022-10-12 05:31:00,6021660.0,7200.0,0.04583102512880797,,22.915512564403983,10531025994670.947,2.5381999999999997e-06,1098596.8423845929,4698109286126.839,3663804348473.0425,0.06822713609137473,0.08008942742651477
24,,,13.6,,,0.0411,NO,2022-10-12 07:31:00,6028860.0,7200.0,0.04313833289326097,,21.569166446630483,9912300756723.568,2.5381999999999997e-06,1034051.4131874176,4687378747247.046,3660644234061.3613,0.06807130448084849,0.08002034847748757
25,,,13.6,,,0.0411,NO,2022-10-12 09:31:00,6036060.0,7200.0,0.04728327033379664,,23.64163516689832,10864722043611.36,2.5381999999999997e-06,1133408.0208839776,4677405089483.713,3657461008740.6567,0.06792646449009794,0.07995076433241413
26,,,13.6,,,0.0411,NO,2022-10-12 11:31:00,6043260.0,7200.0,0.04412487650708215,,22.062438253541075,10138988167987.627,2.5381999999999997e-06,1057699.4484642323,4666924915372.493,3654257735262.6636,0.06777426874031857,0.07988074194193087
27,,,13.6,,,0.0411,NO,2022-10-12 13:31:00,6050460.0,7200.0,0.04401741276458696,,22.008706382293482,10114295212451.049,2.5381999999999997e-06,1055123.4788487975,4656466739227.783,3651032570801.754,0.06762239245059501,0.07981024102254138
28,,,13.6,,,0.0411,NO,2022-10-12 15:31:00,6057660.0,7200.0,0.04377305462825203,,21.886527314126017,10058146743624.088,2.5381999999999997e-06,1049266.0694577994,4646006849579.041,3647785727942.1875,0.06747049127693078,0.07973926622126004
29,,,13.6,,,0.0411,NO,2022-10-12 17:31:00,6064860.0,7200.0,0.04382755864879068,,21.91377932439534,10070670645402.27,2.5381999999999997e-06,1050572.5631417774,4635596833157.487,3644517326297.018,0.06731931437493659,0.07966782015278465
30,,,13.6,,,0.0411,NO,2022-10-12 19:31:00,6072060.0,7200.0,0.04392973855761244,,21.96486927880622,10094149484745.506,2.5381999999999997e-06,1053021.8761316407,4625244725316.152,3641227684357.7993,0.06716897843604965,0.07959590977922441
31,,,13.6,,,0.0411,NO,2022-10-12 21:31:00,6079260.0,7200.0,0.04274638693251334,,21.37319346625667,9822239644419.426,2.5381999999999997e-06,1024656.2361506271,4614728434361.073,3637917149847.9775,0.06701625818829224,0.07952354270168714
32,,,13.6,,,0.0411,NO,2022-10-12 23:31:00,6086460.0,7200.0,0.04464158169236676,,22.32079084618338,10257716381518.098,2.5381999999999997e-06,1070085.1780742954,4604579916461.847,3634585209253.6094,0.06686887883424424,0.07945070769494522
33,,,13.6,,,0.0411,NO,2022-10-13 01:31:00,6093660.0,7200.0,0.04493898054793675,,22.469490273968376,10326052515610.467,2.5381999999999997e-06,1077214.004949534,4594521987976.041,3631233410045.1187,0.06672281504266223,0.079377438586138
34,,,13.6,,,0.0411,NO,2022-10-13 03:31:00,6100860.0,7200.0,0.04506418085215205,,22.532090426076028,10354820967865.822,2.5381999999999997e-06,1080215.1304641818,4584524578988.018,3627862218333.1367,0.06657763013059531,0.07930374556427394
35,,,13.6,,,0.0411,NO,2022-10-13 05:31:00,6108060.0,7200.0,0.04623542217077566,,23.117711085387832,10623948109093.672,2.5381999999999997e-06,1108290.4792196138,4574767989771.608,3624471981181.6045,0.0664359424644056,0.07922963621604429
36,,,13.6,,,0.0411,NO,2022-10-13 07:31:00,6115260.0,7200.0,0.043924478883559,,21.9622394417795,10092940919935.432,2.5381999999999997e-06,1052895.7986264825,4564650304449.201,3621063741166.168,0.06628901086886779,0.07915513333177258
37,,,13.6,,,0.0411,NO,2022-10-13 09:31:00,6122460.0,7200.0,0.0457131622067065,,22.85658110335325,10503943521761.604,2.5381999999999997e-06,1095771.5982690407,4554880467461.271,3617636206142.0503,0.0661471308151759,0.07908020866564507
38,,,13.6,,,0.0411,NO,2022-10-13 11:31:00,6129660.0,7200.0,0.0434988218101206,,21.7494109050603,9995133687987.271,2.5381999999999997e-06,1042692.5462335057,4544766258144.99,3614190834202.6855,0.06600024969908176,0.07900489409105264
39,,,13.6,,,0.0411,NO,2022-10-13 13:31:00,6136860.0,7200.0,0.04650968865371864,,23.25484432685932,10686968900211.084,2.5381999999999997e-06,1114864.8094093981,4535210818252.902,3610726396936.6646,0.06586148317445971,0.07892916275536974
40,,,13.6,,,0.0411,NO,2022-10-13 15:31:00,6144060.0,7200.0,0.04478484609531122,,22.392423047655612,10290635591753.498,2.5381999999999997e-06,1073519.3107444365,4525394658172.586,3607245167096.31,0.06571893040505689,0.07885306434013359
41,,,13.6,,,0.0411,NO,2022-10-13 17:31:00,6151260.0,7200.0,0.047554721705079225,,23.777360852539612,10927095980027.395,2.5381999999999997e-06,1139914.8711783772,4516094522185.163,3603746233816.006,0.06558387146857027,0.07877657893415389
42,,,13.6,,,0.0411,NO,2022-10-13 19:31:00,6158460.0,7200.0,0.04485214281789035,,22.426071408945177,10306098993081.424,2.5381999999999997e-06,1075132.4530802337,4506363932488.113,3600231696547.1743,0.065442561374003,0.07869975243067338
43,,,13.6,,,0.0411,NO,2022-10-13 21:31:00,6165660.0,7200.0,0.04533253307452017,,22.666266537260086,10416482783667.318,2.5381999999999997e-06,1086647.6923218302,4496753897522.796,3596699980849.6772,0.06530300200586363,0.0786225504130046
44,,,13.6,,,0.0411,NO,2022-10-13 23:31:00,6172860.0,7200.0,0.043398028090940316,,21.699014045470157,9971973366484.447,2.5381999999999997e-06,1040276.4610311247,4486847168307.858,3593151653154.0146,0.06515913396848871,0.0785449852631118
45,,,13.6,,,0.0411,NO,2022-10-14 01:31:00,6180060.0,7200.0,0.04299701315046954,,21.49850657523477,9879828389354.215,2.5381999999999997e-06,1030663.8951739992,4476909555063.906,3589585662369.127,0.06501481742540176,0.07846703400452755
46,,,13.6,,,0.0411,NO,2022-10-14 03:31:00,6187260.0,7200.0,0.043412310066842624,,21.70615503342131,9975255070506.117,2.5381999999999997e-06,1040618.8084602993,4467082063122.693,3586001991872.4478,0.06487210009183739,0.07838869627388864
47,,,13.6,,,0.0411,NO,2022-10-14 05:31:00,6194460.0,7200.0,0.043608161042754334,,21.804080521377166,10020257592544.654,2.5381999999999997e-06,1045313.47245941,4457326392659.936,3582401170649.5493,0.06473042576802149,0.07830998363462685
48,,,13.6,,,0.0411,NO,2022-10-14 07:31:00,6201660.0,7200.0,0.04400007332447791,,22.000036662238955,10110310966102.46,2.5381999999999997e-06,1054707.8421900277,4447676103699.103,3578783576433.8857,0.06459028182113714,0.07823090434385774
49,,,13.6,,,0.0411,NO,2022-10-14 09:31:00,6208860.0,7200.0,0.04372094985249627,,21.860474926248134,10046174138900.797,2.5381999999999997e-06,1048017.0870936137,4438014975649.025,3575149714593.833,0.06444998046624631,0.07815146944874983
50,,,13.6,,,0.0411,NO,2022-10-14 11:31:00,6216060.0,7200.0,0.044707092062733024,,22.353546031366513,10272769315885.346,2.5381999999999997e-06,1071655.5004885453,4428561420456.335,3571499637928.894,0.0643126935371015,0.07807168010348098
51,,,13.6,,,0.0411,NO,2022-10-14 13:31:00,6223260.0,7200.0,0.045080411793994,,22.540205896997,10358550504134.65,2.5381999999999997e-06,1080604.1957623365,4419208869107.54,3567834243907.6104,0.06417687341142668,0.07799155592638633
52,,,13.6,,,0.0411,NO,2022-10-14 15:31:00,6230460.0,7200.0,0.04357706661704922,,21.78853330852461,10013112733696.97,2.5381999999999997e-06,1044568.1206415225,4409633040499.3545,3564154012485.625,0.06403781079669195,0.07791110740912129
53,,,13.6,,,0.0411,NO,2022-10-14 17:31:00,6237660.0,7200.0,0.046026129981298326,,23.013064990649163,10575857072908.623,2.5381999999999997e-06,1103273.6213629688,4400516937776.929,3560458166268.0737,0.06390542443801304,0.0778303175581175
54,,,13.6,,,0.0411,NO,2022-10-14 19:31:00,6244860.0,7200.0,0.04135773619038362,,20.67886809519181,9503156293746.236,2.5381999999999997e-06,991369.4546267331,4390630392779.9546,3556748574740.878,0.06376184952097697,0.07774922723965572
55,,,13.6,,,0.0411,NO,2022-10-14 21:31:00,6252060.0,7200.0,0.046023729522296886,,23.01186476114844,10575305496851.305,2.5381999999999997e-06,1103216.0809376377,4381587391850.3174,3553022337316.622,0.06363052476509641,0.07766777304795242
56,,,13.6,,,0.0411,NO,2022-10-14 23:31:00,6259260.0,7200.0,0.0433779985307327,,21.688999265366352,9967370985922.037,2.5381999999999997e-06,1039796.3405988064,4372122753705.207,3549282814374.0693,0.06349307688650217,0.07758602843966235
57,,,13.6,,,0.0411,NO,2022-10-15 01:31:00,6266460.0,7200.0,0.044737093798775246,,22.368546899387624,10279663097145.047,2.5381999999999997e-06,1072374.659887433,4362929295573.8325,3545528452080.3076,0.06335956715293087,0.07750395944856452
58,,,13.6,,,0.0411,NO,2022-10-15 03:31:00,6273660.0,7200.0,0.043971217075674335,,21.985608537837166,10103680394226.639,2.5381999999999997e-06,1054016.1407993305,4353639223098.047,3541760385972.751,0.06322465436131577,0.07742159089709282
59,,,13.6,,,0.0411,NO,2022-10-15 05:31:00,6280860.0,7200.0,0.04436077452617185,,22.180387263085922,10193192676050.516,2.5381999999999997e-06,1063354.0638294432,4344452324435.764,3537978322079.62,0.06309123988602033,0.07733891635913132
60,,,13.6,,,0.0411,NO,2022-10-15 07:31:00,6288060.0,7200.0,0.04460633548049474,,22.303167740247368,10249617527687.209,2.5381999999999997e-06,1069240.30548068,4335343348329.5894,3534182741067.1836,0.06295895702187236,0.07725594634186943
61,,,13.6,,,0.0411,NO,2022-10-15 09:31:00,6295260.0,7200.0,0.044912998354558656,,22.456499177279326,10320082342499.69,2.5381999999999997e-06,1076591.1963712142,4326322538792.8354,3530374023112.3364,0.06282795453503454,0.07717268915583549
62,,,13.6,,,0.0411,NO,2022-10-15 11:31:00,6302460.0,7200.0,0.04554732358978296,,22.77366179489148,10465837221917.041,2.5381999999999997e-06,1091796.34830713,4317446105412.5137,3526552585809.355,0.06269904871540331,0.07708915392948813
63,,,13.6,,,0.0411,NO,2022-10-15 13:31:00,6309660.0,7200.0,0.04447656192634053,,22.238280963170265,10219798236751.041,2.5381999999999997e-06,1066129.5564538331,4308419211641.1978,3522719061780.3228,0.06256795787176615,0.07700535449171549
64,,,13.6,,,0.0411,NO,2022-10-15 15:31:00,6316860.0,7200.0,0.04238588831328688,,21.19294415664344,9739404483751.58,2.5381999999999997e-06,1016014.8705330542,4299066414731.997,3518872939320.768,0.06243213418000076,0.07692127965684437
65,,,13.6,,,0.0411,NO,2022-10-15 17:31:00,6324060.0,7200.0,0.04340356173755065,,21.701780868775327,9973244884547.484,2.5381999999999997e-06,1040409.105820891,4289925439748.3555,3515013030965.737,0.06229938662002841,0.07683690346732373
66,,,13.6,,,0.0411,NO,2022-10-15 19:31:00,6331260.0,7200.0,0.04634781873455722,,23.17390936727861,10649774525403.773,2.5381999999999997e-06,1110984.691485612,4281327972931.476,3511140236477.617,0.06217453202367229,0.0767522455916314
67,,,13.6,,,0.0411,NO,2022-10-15 21:31:00,6338460.0,7200.0,0.04464938097664821,,22.324690488324105,10259508496472.475,2.5381999999999997e-06,1070272.1315421783,4272470636947.4736,3507256733583.113,0.062045903541280006,0.07666735363407921
68,,,13.6,,,0.0411,NO,2022-10-15 23:31:00,6345660.0,7200.0,0.04293490704359134,,21.46745352179567,9865557684648.744,2.5381999999999997e-06,1029175.1749737104,4263351669503.887,3503361579278.391,0.061913475580392945,0.07658220698094718
69,,,13.6,,,0.0411,NO,2022-10-16 01:31:00,6352860.0,7200.0,0.04623427229552766,,23.11713614776383,10623683891435.584,2.5381999999999997e-06,1108262.9160282377,4254837412604.674,3499453829233.2837,0.0617898293795915,0.07649678498952205
70,,,13.6,,,0.0411,NO,2022-10-16 03:31:00,6360060.0,7200.0,0.04228769139477268,,21.14384569738634,9716840853578.281,2.5381999999999997e-06,1013661.0321821031,4245674961489.6616,3495535896258.7983,0.06165676993778573,0.0764111404029729
71,,,13.6,,,0.0411,NO,2022-10-16 05:31:00,6367260.0,7200.0,0.0442335229208107,,22.11676146040535,10163952877024.518,2.5381999999999997e-06,1060303.767410255,4236883785103.5894,3491605331966.8726,0.061529102241875175,0.0763252197004292
72,,,13.6,,,0.0411,NO,2022-10-16 07:31:00,6374460.0,7200.0,0.04387494586100198,,21.937472930500988,10081559251149.352,2.5381999999999997e-06,1051708.462711085,4228064733197.8735,3487663646275.9136,0.06140102973058963,0.07623905588815692
73,,,13.6,,,0.0411,NO,2022-10-16 09:31:00,6381660.0,7200.0,0.04412637264649756,,22.06318632324878,10139331950022.416,2.5381999999999997e-06,1057735.3118129773,4219323193122.6978,3483710796107.5376,0.061274082865790565,0.07615264802447828
74,,,13.6,,,0.0411,NO,2022-10-16 11:31:00,6388860.0,7200.0,0.04489671106627863,,22.448355533139313,10316339858979.463,2.5381999999999997e-06,1076200.7804155345,4210748423066.243,3479747146349.263,0.06114955787755295,0.07606600408570145
75,,,13.6,,,0.0411,NO,2022-10-16 13:31:00,6396060.0,7200.0,0.04315575065046172,,21.57787532523086,9916302998727.418,2.5381999999999997e-06,1034468.927153304,4201906357123.167,3475773405079.4126,0.06102115115057268,0.07597913955016038
76,,,13.6,,,0.0411,NO,2022-10-16 15:31:00,6403260.0,7200.0,0.04429798343915624,,22.14899171957812,10178764577012.004,2.5381999999999997e-06,1061848.9242491836,4193295634711.2485,3471788596969.762,0.060896104053099274,0.07589203309753567
77,,,13.6,,,0.0411,NO,2022-10-16 17:31:00,6410460.0,7200.0,0.04432938453215418,,22.16469226607709,10185979901689.84,2.5381999999999997e-06,1062601.6270638818,4184723644306.363,3467793681472.324,0.06077161943166761,0.07580470570109857
78,,,13.6,,,0.0411,NO,2022-10-16 19:31:00,6417660.0,7200.0,0.046952747451786514,,23.476373725893257,10788774690208.299,2.5381999999999997e-06,1125485.1914580234,4176637578268.264,3463788867290.148,0.06065419152728609,0.07571716192302162
79,,,13.6,,,0.0411,NO,2022-10-16 21:31:00,6424860.0,7200.0,0.044289142119406634,,22.144571059703317,10176733023760.715,2.5381999999999997e-06,1061636.992573378,4168123087991.9233,3459776091976.724,0.06053054193732275,0.07562944411751782
80,,,13.6,,,0.0411,NO,2022-10-16 23:31:00,6432060.0,7200.0,0.04508312568231467,,22.541562841157337,10359174099796.57,2.5381999999999997e-06,1080669.24927426,4159778570214.595,3455753744435.92,0.060409360731152884,0.07554151706661301
81,,,13.6,,,0.0411,NO,2022-10-17 01:31:00,6439260.0,7200.0,0.045069998376786304,,22.53499918839315,10356157715254.205,2.5381999999999997e-06,1080354.5799784728,4151464069491.661,3451722537988.1533,0.060288615440269464,0.07545339636323148
82,,,13.6,,,0.0411,NO,2022-10-17 03:31:00,6446460.0,7200.0,0.04387703091342751,,21.938515456713755,10082038353269.19,2.5381999999999997e-06,1051758.4426538087,4142975843125.481,3447682640350.2764,0.06016534726147892,0.0753650856736025
83,,,13.6,,,0.0411,NO,2022-10-17 05:31:00,6453660.0,7200.0,0.043918638710355576,,21.959319355177787,10091598968372.145,2.5381999999999997e-06,1052755.8062125612,4134527636419.7534,3443633430037.2866,0.06004266025836008,0.07527657141229048
84,,,13.6,,,0.0411,NO,2022-10-17 07:31:00,6460860.0,7200.0,0.043774270241179435,,21.88713512058972,10058426066447.48,2.5381999999999997e-06,1049295.2084203223,4126087197227.5527,3439575116105.8794,0.059920086057045144,0.07518785814919855
85,,,13.6,,,0.0411,NO,2022-10-17 09:31:00,6468060.0,7200.0,0.04721966833685007,,23.609834168425035,10850107614165.916,2.5381999999999997e-06,1131883.4433119404,4118274047093.802,3435507781620.53,0.05980662150673086,0.07509894770008586
86,,,13.6,,,0.0411,NO,2022-10-17 11:31:00,6475260.0,7200.0,0.045347041118074846,,22.673520559037424,10419816433381.17,2.5381999999999997e-06,1086995.458726652,4110167930427.2407,3431433905922.62,0.05968890242203116,0.0750098942624512
87,,,13.6,,,0.0411,NO,2022-10-17 13:31:00,6482460.0,7200.0,0.04539512489992707,,22.697562449963534,10430865096490.596,2.5381999999999997e-06,1088148.0554832006,4102101472821.4907,3427352393696.332,0.059571759276283574,0.07492067389309005
88,,,13.6,,,0.0411,NO,2022-10-17 15:31:00,6489660.0,7200.0,0.04471751376389015,,22.358756881945077,10275164008246.818,2.5381999999999997e-06,1071905.314843588,4093949274417.1626,3423263442842.4146,0.059453370980886024,0.07483129091804065
89,,,13.6,,,0.0411,NO,2022-10-17 17:31:00,6496860.0,7200.0,0.044288024676640274,,22.144012338320138,10176476258419.182,2.5381999999999997e-06,1061610.206807814,4085754489876.8706,3419166764971.1567,0.05933436423880768,0.07474173903320908
90,,,13.6,,,0.0411,NO,2022-10-17 19:31:00,6504060.0,7200.0,0.04422367433834972,,22.111837169174862,10161689875539.918,2.5381999999999997e-06,1060067.6910501216,4077580302619.213,3415062240325.928,0.05921565661569822,0.074652015620759
91,,,13.6,,,0.0411,NO,2022-10-17 21:31:00,6511260.0,7200.0,0.04371218474978182,,21.85609237489091,10044160098755.014,2.5381999999999997e-06,1047806.9823853248,4069349461969.9653,3410949994286.98,0.059096126257649526,0.07456212342145706
92,,,13.6,,,0.0411,NO,2022-10-17 23:31:00,6518460.0,7200.0,0.0442249478347836,,22.1124739173918,10161982498801.379,2.5381999999999997e-06,1060098.2175146097,4061238961101.0327,3406829852642.5415,0.05897834350444965,0.0744720586270974
93,,,13.6,,,0.0411,NO,2022-10-18 01:31:00,6525660.0,7200.0,0.04467578161912394,,22.33789080956197,10265574820570.758,2.5381999999999997e-06,1070904.9705934376,4053237646179.72,3402702326933.868,0.058862146377307814,0.07438183241978542
94,,,13.6,,,0.0411,NO,2022-10-18 03:31:00,6532860.0,7200.0,0.04133572478541503,,20.667862392707516,9498098526060.44,2.5381999999999997e-06,990841.8282005953,4044690831547.8496,3398567882572.1523,0.058738027364845014,0.0742914549732401
95,,,13.6,,,0.0411,NO,2022-10-18 05:31:00,6540060.0,7200.0,0.043830140344254746,,21.915070172127372,10071263865867.357,2.5381999999999997e-06,1050634.4479125598,4036607589082.825,3394424449457.276,0.0586206404651087,0.07420088103582753
96,,,13.6,,,0.0411,NO,2022-10-18 07:31:00,6547260.0,7200.0,0.043981348678001325,,21.990674339000662,10106008427849.568,2.5381999999999997e-06,1054259.0013134354,4028581715272.377,3390273873369.2363,0.058504086687542346,0.07411015095562556
97,,,13.6,,,0.0411,NO,2022-10-18 09:31:00,6554460.0,7200.0,0.043593420303947465,,21.796710151973734,10016870474252.635,2.5381999999999997e-06,1044960.1282114441,4020519939501.938,3386116417848.2188,0.05838701153259606,0.07401927049352658
98,,,13.6,,,0.0411,NO,2022-10-18 11:31:00,6561660.0,7200.0,0.04632644884809799,,23.163224424048995,10644864165463.691,2.5381999999999997e-06,1110472.4426384554,4012961041216.6514,3381951984061.027,0.058277239292189906,0.07392823748907293
99,,,13.6,,,0.0411,NO,2022-10-18 13:31:00,6568860.0,7200.0,0.04560186816082535,,22.800934080412674,10478370441366.12,2.5381999999999997e-06,1093103.814010722,4005306332130.0894,3377782558141.3774,0.058166075662997425,0.07383709535842364
100,,,13.6,,,0.0411,NO,2022-10-18 15:31:00,6576060.0,7200.0,0.04414056236923921,,22.070281184619606,10142592456167.098,2.5381999999999997e-06,1058075.4478792006,3997429032798.1973,3373607798494.516,0.05805167952173768,0.0737458366344419
101,,,13.6,,,0.0411,NO,2022-10-18 17:31:00,6583260.0,7200.0,0.04547813944742388,,22.739069723711943,10449940130382.326,2.5381999999999997e-06,1090137.9634002866,3989813058710.0884,3369426875039.692,0.0579410784120291,0.07365444317186506
102,,,13.6,,,0.0411,NO,2022-10-18 19:31:00,6590460.0,7200.0,0.045997814393887795,,22.998907196943897,10569350733889.658,2.5381999999999997e-06,1102594.8799463836,3982316238556.738,3365240834667.6714,0.05783220768601906,0.0735629378553437
103,,,13.6,,,0.0411,NO,2022-10-18 21:31:00,6597660.0,7200.0,0.04547255131239717,,22.736275656198586,10448656092003.027,2.5381999999999997e-06,1090004.0124908774,3974757767319.1167,3361050168150.5635,0.05772244164730753,0.07347133141297717
104,,,13.6,,,0.0411,NO,2022-10-18 23:31:00,6604860.0,7200.0,0.042754477888502194,,21.377238944251097,9824098779527.158,2.5381999999999997e-06,1024850.1811622485,3966759430168.642,3356854663916.9893,0.05760628776410998,0.07337961921989226
105,,,13.6,,,0.0411,NO,2022-10-19 01:31:00,6612060.0,7200.0,0.042103638792316864,,21.051819396158432,9674549354852.22,2.5381999999999997e-06,1009249.1821891705,3958679709220.0454,3352652648417.169,0.05748895200472949,0.0732877646929009
106,,,13.6,,,0.0411,NO,2022-10-19 03:31:00,6619260.0,7200.0,0.04369905348989727,,21.849526744948633,10041142805583.012,2.5381999999999997e-06,1047492.2183012756,3950906596377.755,3348443844717.04,0.05737606888612886,0.07319576177832539
107,,,13.6,,,0.0411,NO,2022-10-19 05:31:00,6626460.0,7200.0,0.041741420404180274,,20.870710202090137,9591319026695.836,2.5381999999999997e-06,1000566.59269129,3942825691093.8677,3344229478530.559,0.05725871592753053,0.07310363726982601
108,,,13.6,,,0.0411,NO,2022-10-19 07:31:00,6633660.0,7200.0,0.046877274825153976,,23.438637412576988,10771432634456.336,2.5381999999999997e-06,1123676.0678551374,3935662436859.3306,3340008391484.9717,0.05715468933049924,0.07301136584579665
109,,,13.6,,,0.0411,NO,2022-10-19 09:31:00,6640860.0,7200.0,0.04518621068257345,,22.593105341286723,10382860910517.795,2.5381999999999997e-06,1083140.2578424343,3928235037478.151,3335784172861.2964,0.057046826750571364,0.0729190259666119
110,,,13.6,,,0.0411,NO,2022-10-19 11:31:00,6648060.0,7200.0,0.04396844734447984,,21.98422367223992,10103043967022.021,2.5381999999999997e-06,1053949.7487006164,3920626201022.443,3331555818990.143,0.056936329295373046,0.07282659569242476
111,,,13.6,,,0.0411,NO,2022-10-19 13:31:00,6655260.0,7200.0,0.04647399111705428,,23.23699555852714,10678766341234.898,2.5381999999999997e-06,1114009.1182929513,3913479228549.8647,3327322652021.9683,0.05683253914622352,0.07273406020569136
112,,,13.6,,,0.0411,NO,2022-10-19 15:31:00,6662460.0,7200.0,0.04581929631829816,,22.909648159149082,10528330955491.307,2.5381999999999997e-06,1098315.695843472,3906246913131.384,3323086486811.726,0.056727509625141594,0.07264145917847935
113,,,13.6,,,0.0411,NO,2022-10-19 17:31:00,6669660.0,7200.0,0.0435686909143969,,21.784345457198448,10011188169668.404,2.5381999999999997e-06,1044367.350083571,3898654149487.8477,3318847010650.717,0.05661724558340316,0.07254878577509058
114,,,13.6,,,0.0411,NO,2022-10-19 19:31:00,6676860.0,7200.0,0.04637054642573282,,23.185273212866413,10654996880912.873,2.5381999999999997e-06,1111529.4877167684,3891574327575.9897,3314602848343.6514,0.056514430611748635,0.07245600993425734
115,,,13.6,,,0.0411,NO,2022-10-19 21:31:00,6684060.0,7200.0,0.0459191242747248,,22.959562137362397,10551269364596.69,2.5381999999999997e-06,1100708.6311401138,3884443985405.2285,3310356011612.1353,0.05641088197206519,0.07236317563148055
116,,,13.6,,,0.0411,NO,2022-10-19 23:31:00,6691260.0,7200.0,0.044270510636163905,,22.135255318081953,10172451892500.896,2.5381999999999997e-06,1061190.384874731,3877056697218.9683,3306106320581.267,0.056303601897095774,0.07227027893476047
117,,,13.6,,,0.0411,NO,2022-10-20 01:31:00,6698460.0,7200.0,0.043327987420081204,,21.663993710040604,9955879462334.836,2.5381999999999997e-06,1038597.5446283591,3869535319994.9062,3301852797818.433,0.05619437454706882,0.07217729847777646
118,,,13.6,,,0.0411,NO,2022-10-20 03:31:00,6705660.0,7200.0,0.04506266876662892,,22.53133438331446,10354473521743.777,2.5381999999999997e-06,1080178.8848777812,3862342426586.687,3297594946883.2925,0.05608991752243075,0.07208422340852366
119,,,13.6,,,0.0411,NO,2022-10-20 05:31:00,6712860.0,7200.0,0.043336231188555,,21.668115594277502,9957773710605.469,2.5381999999999997e-06,1038795.1526458365,3854879397657.7617,3293334063795.2373,0.05598153752116274,0.0719910820575135
120,,,13.6,,,0.0411,NO,2022-10-20 07:31:00,6720060.0,7200.0,0.0444605325429017,,22.23026627145085,10216115014453.516,2.5381999999999997e-06,1065745.3226300909,3847639282385.0605,3289069121130.7534,0.055876394728617135,0.07189785196564252
121,,,13.6,,,0.0411,NO,2022-10-20 09:31:00,6727260.0,7200.0,0.04706222944575168,,23.53111472287584,10813931398380.441,2.5381999999999997e-06,1128109.5397576753,3840876199515.6123,3284801004922.81,0.055778179521769215,0.07180455250126844
122,,,13.6,,,0.0411,NO,2022-10-20 11:31:00,6734460.0,7200.0,0.047309408928721486,,23.654704464360744,10870728154577.547,2.5381999999999997e-06,1134034.5785000925,3834181941456.214,3280531579161.0713,0.05568096380629021,0.07171122441052576
123,,,13.6,,,0.0411,NO,2022-10-20 13:31:00,6741660.0,7200.0,0.04346640178887066,,21.733200894435328,9987684234575.059,2.5381999999999997e-06,1041915.4191045546,3826850323715.771,3276261117736.103,0.05557449219167192,0.07161787368056245
124,,,13.6,,,0.0411,NO,2022-10-20 15:31:00,6748860.0,7200.0,0.04635473879409647,,23.177369397048235,10651364612614.078,2.5381999999999997e-06,1111150.5694151926,3820045563095.699,3271987160907.4624,0.05547567172994579,0.0715244465423491
125,,,13.6,,,0.0411,NO,2022-10-20 17:31:00,6756060.0,7200.0,0.04546132574205278,,22.73066287102639,10446076687052.568,2.5381999999999997e-06,1089734.9289148573,3813112935635.029,3267711767297.438,0.05537499435348997,0.07143098799661848
126,,,13.6,,,0.0411,NO,2022-10-20 19:31:00,6763260.0,7200.0,0.0450650536871961,,22.53252684359805,10355021527388.809,2.5381999999999997e-06,1080236.0528376307,3806138736719.69,3263434450590.9087,0.0552737132658128,0.07133748741269931
127,,,13.6,,,0.0411,NO,2022-10-20 21:31:00,6770460.0,7200.0,0.04418530394600766,,22.092651973003832,10152873149358.379,2.5381999999999997e-06,1059147.929998529,3799039684601.667,3259155061158.178,0.05517061902822102,0.07124394151974099
128,,,13.6,,,0.0411,NO,2022-10-20 23:31:00,6777660.0,7200.0,0.04188687336519151,,20.943436682595753,9624741122516.43,2.5381999999999997e-06,1004053.1863957362,3791571414634.598,3254873128046.4375,0.05506216291526618,0.07115034002288681
129,,,13.6,,,0.0411,NO,2022-10-21 01:31:00,6784860.0,7200.0,0.04566884502139926,,22.83442251069963,10493760344990.639,2.5381999999999997e-06,1094709.2890646302,3784784761315.2363,3250587237664.9673,0.05496360541235914,0.07105665202155896
130,,,13.6,,,0.0411,NO,2022-10-21 03:31:00,6792060.0,7200.0,0.04565683715058075,,22.828418575290375,10491001183497.414,2.5381999999999997e-06,1094421.4532824736,3778022291297.0176,3246300050048.2764,0.054865399105492395,0.07096293566314207
131,,,13.6,,,0.0411,NO,2022-10-21 05:31:00,6799260.0,7200.0,0.04482175215296998,,22.410876076484993,10299115843972.883,2.5381999999999997e-06,1074403.9708255678,3771141857565.2583,3242011666309.3184,0.05476547969962191,0.07086919315792847
132,,,13.6,,,0.0411,NO,2022-10-21 07:31:00,6806460.0,7200.0,0.044004332307486176,,22.002166153743087,10111289592712.816,2.5381999999999997e-06,1054809.9325375927,3764146965287.55,3237721637044.0254,0.05466389809768153,0.07077541468210907
133,,,13.6,,,0.0411,NO,2022-10-21 09:31:00,6813660.0,7200.0,0.04693118108678688,,23.46559054339344,10783819183544.78,2.5381999999999997e-06,1124968.2329037748,3757684274111.235,3233429529025.934,0.05457004525528278,0.0706815907655113
134,,,13.6,,,0.0411,NO,2022-10-21 11:31:00,6820860.0,7200.0,0.04351580344796593,,21.757901723982965,9999035718742.172,2.5381999999999997e-06,1043099.6061598975,3750657131219.5786,3229137413302.0093,0.054467995301736925,0.07058776668046682
135,,,13.6,,,0.0411,NO,2022-10-21 13:31:00,6828060.0,7200.0,0.04654360658960848,,23.27180329480424,10694762543568.125,2.5381999999999997e-06,1115677.8424402773,3744179737736.766,3224843106206.716,0.05437392894870972,0.07049389469284308
136,,,13.6,,,0.0411,NO,2022-10-21 15:31:00,6835260.0,7200.0,0.042839910769464216,,21.41995538473211,9843729496659.977,2.5381999999999997e-06,1026898.0579661585,3737088189082.186,3220548747332.4785,0.054270943678319486,0.0704000215733505
137,,,13.6,,,0.0411,NO,2022-10-21 17:31:00,6842460.0,7200.0,0.044820212727434826,,22.410106363717414,10298762115678.959,2.5381999999999997e-06,1074367.0698828711,3730365852589.4385,3216251960981.242,0.05417332020070115,0.07030609539009565
138,,,13.6,,,0.0411,NO,2022-10-21 19:31:00,6849660.0,7200.0,0.04275755910991838,,21.37877955495919,9824806780771.688,2.5381999999999997e-06,1024924.0398662378,3723313533175.009,3211954189670.7876,0.05407090462729825,0.07021214767599136
139,,,13.6,,,0.0411,NO,2022-10-21 21:31:00,6856860.0,7200.0,0.044955977882272236,,22.47798894113612,10329958153095.643,2.5381999999999997e-06,1077621.4411301003,3716667918558.433,3207654162522.6157,0.05397439532424844,0.07011815065009692
140,,,13.6,,,0.0411,NO,2022-10-21 23:31:00,6864060.0,7200.0,0.04392544089607256,,21.96272044803628,10093161970604.908,2.5381999999999997e-06,1052918.8586367432,3709870155426.238,3203353466103.8096,0.0538756764818182,0.07002413899419041
141,,,13.6,,,0.0411,NO,2022-10-22 01:31:00,6871260.0,7200.0,0.04395016130729519,,21.975080653647595,10098842212154.225,2.5381999999999997e-06,1053511.4215487728,3703102957446.633,3199051515690.5137,0.05377740151429559,0.06993009992642149
142,,,13.6,,,0.0411,NO,2022-10-22 03:31:00,6878460.0,7200.0,0.04756068375489275,,23.780341877446375,10928465936326.459,2.5381999999999997e-06,1140057.7850468946,3696985073735.562,3194748436833.5234,0.053688556053467555,0.06983603619128478
143,,,13.6,,,0.0411,NO,2022-10-22 05:31:00,6885660.0,7200.0,0.044124359615920025,,22.062179807960014,10138869397040.447,2.5381999999999997e-06,1057687.0582766472,3690297789222.5103,3190446748124.809,0.05359144160959946,0.06974200284428261
144,,,13.6,,,0.0411,NO,2022-10-22 07:31:00,6892860.0,7200.0,0.04392314877543227,,21.961574387716134,10092635288472.488,2.5381999999999997e-06,1052863.9151461555,3683601649366.765,3186144238611.8896,0.05349419856619605,0.06964795155479975
145,,,13.6,,,0.0411,NO,2022-10-22 09:31:00,6900060.0,7200.0,0.04447349979569674,,22.23674989784837,10219094622172.963,2.5381999999999997e-06,1066056.1553669756,3677026399187.3726,3181840878815.7256,0.05339871111337136,0.06955388167843511
146,,,13.6,,,0.0411,NO,2022-10-22 11:31:00,6907260.0,7200.0,0.04388639159727161,,21.943195798635806,10084189245696.602,2.5381999999999997e-06,1051982.823794854,3670375258878.0933,3177537141377.1924,0.053302121564808916,0.06945980354694596
147,,,13.6,,,0.0411,NO,2022-10-22 13:31:00,6914460.0,7200.0,0.04692420070706014,,23.46210035353007,10782215235997.273,2.5381999999999997e-06,1124800.90906354,3664274140238.486,3173232734897.151,0.053213519570605994,0.06936571079045332
148,,,13.6,,,0.0411,NO,2022-10-22 15:31:00,6921660.0,7200.0,0.04519813972762904,,22.59906986381452,10385601959473.584,2.5381999999999997e-06,1083426.2041243233,3657898727294.5713,3168929791156.1836,0.0531209342048616,0.06927165000890362
149,,,13.6,,,0.0411,NO,2022-10-22 17:31:00,6928860.0,7200.0,0.04539372929045649,,22.696864645228246,10430544414167.393,2.5381999999999997e-06,1088114.6018968304,3651581735556.053,3164627240465.987,0.05302919724669747,0.06917759781930047
150,,,13.6,,,0.0411,NO,2022-10-22 19:31:00,6936060.0,7200.0,0.043841252964866156,,21.92062648243308,10073817317294.613,2.5381999999999997e-06,1050900.8240165203,3645021243342.452,3160325306553.4453,0.05293392411279964,0.06908355911223203
151,,,13.6,,,0.0411,NO,2022-10-22 21:31:00,6943260.0,7200.0,0.048332023216685796,,24.1660116083429,11105703864128.17,2.5381999999999997e-06,1158547.2492199277,3639261186153.186,3156023043789.5967,0.05285027509958774,0.0689895132165939
152,,,13.6,,,0.0411,NO,2022-10-22 23:31:00,6950460.0,7200.0,0.0437312423074979,,21.86562115374895,10048539133156.688,2.5381999999999997e-06,1048263.8033416881,3632729372250.716,3151723550755.226,0.05275541843940674,0.06889552786623244
153,,,13.6,,,0.0411,NO,2022-10-23 01:31:00,6957660.0,7200.0,0.044936784670010985,,22.468392335005493,10325547948072.377,2.5381999999999997e-06,1077161.3684538691,3626430890631.3257,3147423825603.92,0.05266395028989304,0.0688015374418794
154,,,13.6,,,0.0411,NO,2022-10-23 03:31:00,6964860.0,7200.0,0.04470750859727238,,22.35375429863619,10272865026946.78,2.5381999999999997e-06,1071665.4850683883,3620117205766.5903,3143124772386.631,0.05257226135498972,0.06870756170575902
155,,,13.6,,,0.0411,NO,2022-10-23 05:31:00,6972060.0,7200.0,0.042751922361519035,,21.375961180759518,9823511572040.219,2.5381999999999997e-06,1024788.9236654668,3613490435592.012,3138826328373.186,0.05247602571571196,0.0686135992866126
156,,,13.6,,,0.0411,NO,2022-10-23 07:31:00,6979260.0,7200.0,0.04513007066305612,,22.56503533152806,10369961089856.645,2.5381999999999997e-06,1081794.5482930667,3607299743089.0566,3134527278773.898,0.052386122907119095,0.0685196236295804
157,,,13.6,,,0.0411,NO,2022-10-23 09:31:00,6986460.0,7200.0,0.04296618325914904,,21.48309162957452,9872744315061.82,2.5381999999999997e-06,1029924.8844021352,3600759539114.2954,3130229314181.434,0.0522911444041777,0.06842567169040185
158,,,13.6,,,0.0411,NO,2022-10-23 11:31:00,6993660.0,7200.0,0.044081481162886245,,22.04074058144312,10129016811324.963,2.5381999999999997e-06,1056659.236337756,3594437124746.6543,3125931076112.384,0.05219932869721642,0.06833171377312482
159,,,13.6,,,0.0411,NO,2022-10-23 13:31:00,7000860.0,7200.0,0.0459267649557622,,22.9633824778811,10553025035790.947,2.5381999999999997e-06,1100891.782794212,3588457644417.834,3121633408728.1616,0.052112493165451586,0.06823776833081008
160,,,13.6,,,0.0411,NO,2022-10-23 15:31:00,7008060.0,7200.0,0.044878944248931185,,22.439472124465592,10312257410140.438,2.5381999999999997e-06,1075774.8992709983,3582320455513.309,3117337635424.1104,0.052023367349701845,0.0681438642923974
161,,,13.6,,,0.0411,NO,2022-10-23 17:31:00,7015260.0,7200.0,0.043968025416956595,,21.984012708478296,10102947016763.924,2.5381999999999997e-06,1053939.6348477527,3576049795822.2524,3113043135038.576,0.05193230323729651,0.06804998807951944
162,,,13.6,,,0.0411,NO,2022-10-23 19:31:00,7022460.0,7200.0,0.04573102747108274,,22.86551373554137,10508048591700.998,2.5381999999999997e-06,1096199.8392472197,3570107669082.4165,3108749383796.608,0.05184601016383648,0.06795612824264675
163,,,13.6,,,0.0411,NO,2022-10-23 21:31:00,7029660.0,7200.0,0.04491028885911823,,22.455144429559112,10319459756231.209,2.5381999999999997e-06,1076526.2481592346,3564046880961.517,3104457648340.413,0.05175799385966776,0.06786231247011622
164,,,13.6,,,0.0411,NO,2022-10-23 23:31:00,7036860.0,7200.0,0.04293811394310884,,21.46905697155442,9866294564133.465,2.5381999999999997e-06,1029252.0462562941,3557669166130.3467,3100167457862.59,0.0516653750653321,0.06776853047024968
165,,,13.6,,,0.0411,NO,2022-10-24 01:31:00,7044060.0,7200.0,0.04534020691518123,,22.670103457590614,10418246074260.393,2.5381999999999997e-06,1086831.6388317654,3551730698012.531,3095877577262.7197,0.05157913512331012,0.06767475524420222
166,,,13.6,,,0.0411,NO,2022-10-24 03:31:00,7051260.0,7200.0,0.04658827746753176,,23.29413873376588,10705026991620.35,2.5381999999999997e-06,1116748.6298663744,3546030606550.7188,3091589704062.514,0.05149635694762002,0.06758102389917964
167,,,13.6,,,0.0411,NO,2022-10-24 05:31:00,7058460.0,7200.0,0.04545915918411403,,22.729579592057014,10445578856643.848,2.5381999999999997e-06,1089682.9952366631,3540157694625.5767,3087304748786.6187,0.051411069029275384,0.06748735633891877
168,,,13.6,,,0.0411,NO,2022-10-24 07:31:00,7065660.0,7200.0,0.040670526416424775,,20.33526320821239,9345249636127.018,2.5381999999999997e-06,974896.628945763,3533481041564.5874,3083022025847.3296,0.0513141089780539,0.06739373757672229
169,,,13.6,,,0.0411,NO,2022-10-24 09:31:00,7072860.0,7200.0,0.04276831655403171,,21.384158277015857,9827278619952.14,2.5381999999999997e-06,1025181.9021789795,3527192272628.5225,3078738412788.6445,0.05122278187859389,0.06730009935684032
170,,,13.6,,,0.0411,NO,2022-10-24 11:31:00,7080060.0,7200.0,0.046019511276838294,,23.009755638419147,10574336230891.152,2.5381999999999997e-06,1103114.9670932894,3521488951299.1367,3074455415412.4395,0.05113995679794668,0.06720647459555293
171,,,13.6,,,0.0411,NO,2022-10-24 13:31:00,7087260.0,7200.0,0.04258009443262334,,21.29004721631167,9784029051613.818,2.5381999999999997e-06,1020670.1063449343,3515214091573.847,3070175295071.157,0.05104883169157765,0.06711291272520012
172,,,13.6,,,0.0411,NO,2022-10-24 15:31:00,7094460.0,7200.0,0.04397439723355597,,21.987198616777984,10104411129034.0,2.5381999999999997e-06,1054092.3710690492,3509204147882.908,3065895823883.8003,0.050961553763132265,0.06701936504511548
173,,,13.6,,,0.0411,NO,2022-10-24 17:31:00,7101660.0,7200.0,0.04467435274973617,,22.337176374868086,10265246495803.348,2.5381999999999997e-06,1070870.719747135,3503338259142.5894,3061618022958.28,0.050876367837261106,0.06692585387634568
174,,,13.6,,,0.0411,NO,2022-10-24 19:31:00,7108860.0,7200.0,0.04461131436397649,,22.305657181988245,10250761572604.893,2.5381999999999997e-06,1069359.6522693736,3497484184247.0825,3057342439877.468,0.05079135347504432,0.06683239118885272
175,,,13.6,,,0.0411,NO,2022-10-24 21:31:00,7116060.0,7200.0,0.04531452915532106,,22.65726457766053,10412345853704.287,2.5381999999999997e-06,1086216.127705348,3491774123800.809,3053069107430.5093,0.05070843052723034,0.06673897769939532
176,,,13.6,,,0.0411,NO,2022-10-24 23:31:00,7123260.0,7200.0,0.04464637043356998,,22.323185216784992,10258816735654.867,2.5381999999999997e-06,1070199.9670398503,3485970837671.042,3048798569663.8447,0.05062415373236693,0.06664562530063035
177,,,13.6,,,0.0411,NO,2022-10-25 01:31:00,7130460.0,7200.0,0.043633827672534924,,21.81691383626746,10026155255637.62,2.5381999999999997e-06,1045928.7167912213,3480015249877.636,3044530449638.0596,0.05053766517406866,0.06655232575279962
178,,,13.6,,,0.0411,NO,2022-10-25 03:31:00,7137660.0,7200.0,0.044496386396778935,,22.24819319838947,10224353491906.926,2.5381999999999997e-06,1066604.7607628,3474231570152.7563,3040264144059.8857,0.050453673108395866,0.06645906586813223
179,,,13.6,,,0.0411,NO,2022-10-25 05:31:00,7144860.0,7200.0,0.0409406475822443,,20.470323791122148,9407317918714.223,2.5381999999999997e-06,981371.5934266258,3467856587109.3516,3036000307428.692,0.05036109398577585,0.06636585995374579
180,,,13.6,,,0.0411,NO,2022-10-25 07:31:00,7152060.0,7200.0,0.04423990965682127,,22.119954828410634,10165420417468.123,2.5381999999999997e-06,1060456.8612586828,3462075681072.6035,3031736637774.8247,0.05027714220030646,0.06627265768942281
181,,,13.6,,,0.0411,NO,2022-10-25 09:31:00,7159260.0,7200.0,0.043917422948323924,,21.958711474161962,10091319611287.666,2.5381999999999997e-06,1052726.6636759213,3456261482368.9087,3027475432448.524,0.050192706930273334,0.06617950929440208
182,,,13.6,,,0.0411,NO,2022-10-25 11:31:00,7166460.0,7200.0,0.042359229844236096,,21.17961492211805,9733278916414.545,2.5381999999999997e-06,1015375.8512259434,3450200851371.5107,3023216548298.72,0.050104692907892004,0.06608641163945339
183,,,13.6,,,0.0411,NO,2022-10-25 13:31:00,7173660.0,7200.0,0.044483693846563296,,22.24184692328165,10221437005184.582,2.5381999999999997e-06,1066300.5128095956,3444530324873.0776,3018959018428.6323,0.05002234408210782,0.0659933435885656
184,,,13.6,,,0.0411,NO,2022-10-25 15:31:00,7180860.0,7200.0,0.045874436498904596,,22.937218249452297,10541001033755.65,2.5381999999999997e-06,1099637.4386614098,3439121761967.9663,3014704344160.112,0.0499437995581489,0.06590033796008705
185,,,13.6,,,0.0411,NO,2022-10-25 17:31:00,7188060.0,7200.0,0.04473247815633603,,22.366239078168014,10278602517540.447,2.5381999999999997e-06,1072264.0202018695,3433537034711.129,3010453522329.8354,0.04986269673073904,0.06580741654450413
186,,,13.6,,,0.0411,NO,2022-10-25 19:31:00,7195260.0,7200.0,0.04346715216449672,,21.73357608224836,9987856655445.018,2.5381999999999997e-06,1041933.406053157,3427755532825.6426,3006205848971.448,0.04977873629220296,0.06571456395336894
187,,,13.6,,,0.0411,NO,2022-10-25 21:31:00,7202460.0,7200.0,0.044004050053353366,,22.002025026676684,10111224736524.21,2.5381999999999997e-06,1054803.1667387001,3422089060277.9185,3001960544482.5137,0.049696446338920425,0.06562176314485643
188,,,13.6,,,0.0411,NO,2022-10-25 23:31:00,7209660.0,7200.0,0.0434412382989393,,21.72061914946965,9981902182660.684,2.5381999999999997e-06,1041312.2353332059,3416347375067.629,2997718040085.412,0.04961306412825261,0.06552902354533062
189,,,13.6,,,0.0411,NO,2022-10-26 01:31:00,7216860.0,7200.0,0.04567697842177548,,22.83848921088774,10495629232944.734,2.5381999999999997e-06,1094904.251493379,3411013765394.6147,2993478028496.7026,0.04953560809416384,0.06543633843768751
190,,,13.6,,,0.0411,NO,2022-10-26 03:31:00,7224060.0,7200.0,0.045798582983445614,,22.899291491722806,10523571457593.201,2.5381999999999997e-06,1097819.1849275515,3405721777529.808,2989242073933.188,0.0494587565025433,0.06534374201513617
191,,,13.6,,,0.0411,NO,2022-10-26 05:31:00,7231260.0,7200.0,0.04820470923504321,,24.102354617521605,11076449732316.914,2.5381999999999997e-06,1155495.4576042949,3400865532092.2812,2985010313792.6333,0.04938823287310418,0.06525123728114168
192,,,13.6,,,0.0411,NO,2022-10-26 07:31:00,7238460.0,7200.0,0.04600422956062902,,23.00211478031451,10570824807129.83,2.5381999999999997e-06,1102748.6552962798,3395648297173.0195,2980784409418.332,0.04931246686274163,0.06515886055206277
193,,,13.6,,,0.0411,NO,2022-10-26 09:31:00,7245660.0,7200.0,0.04421395874184611,,22.106979370923057,10159457431490.375,2.5381999999999997e-06,1059834.8024422242,3390142266578.369,2976562930139.497,0.04923250688824427,0.06506658055395761
194,,,13.6,,,0.0411,NO,2022-10-26 11:31:00,7252860.0,7200.0,0.04551672655422764,,22.758363277113823,10458806653085.396,2.5381999999999997e-06,1091062.9192260015,3384882379761.768,2972344732914.951,0.04915612147619752,0.06497437230036274
195,,,13.6,,,0.0411,NO,2022-10-26 13:31:00,7260060.0,7200.0,0.042825640901134325,,21.412820450567164,9840450574709.174,2.5381999999999997e-06,1026556.0007626723,3379178392206.0005,2968130750895.3936,0.04907328672044162,0.06488225618961227
196,,,13.6,,,0.0411,NO,2022-10-26 15:31:00,7267260.0,7200.0,0.04345308351568359,,21.726541757841794,9984623969596.412,2.5381999999999997e-06,1041596.1722007769,3373604761063.5205,2963919241428.8066,0.04899234503362219,0.06479019412796837
197,,,13.6,,,0.0411,NO,2022-10-26 17:31:00,7274460.0,7200.0,0.04341935441181548,,21.709677205907738,9976873715950.248,2.5381999999999997e-06,1040787.6655854039,3368046871538.7783,2959710694430.0728,0.048911631950572985,0.06469819682479178
198,,,13.6,,,0.0411,NO,2022-10-26 19:31:00,7281660.0,7200.0,0.0454317973948686,,22.715898697434298,10439291680806.203,2.5381999999999997e-06,1089027.1169275364,3362857808029.024,2955505153547.581,0.04883627505257314,0.06460626523422039
199,,,13.6,,,0.0411,NO,2022-10-26 21:31:00,7288860.0,7200.0,0.04508855875987894,,22.544279379939468,10360422509163.357,2.5381999999999997e-06,1080799.4833643714,3357629580635.2417,2951304028163.1904,0.04876034940670416,0.0645144301648278
200,,,13.6,,,0.0411,NO,2022-10-26 23:31:00,7296060.0,7200.0,0.04581872303951547,,22.909361519757738,10528199227829.842,2.5381999999999997e-06,1098301.9540111935,3352547597622.1763,2947107141049.226,0.04868654755886925,0.0644226877424817
201,,,13.6,,,0.0411,NO,2022-10-27 01:31:00,7303260.0,7200.0,0.04211053069452342,,21.05526534726171,9676132972087.182,2.5381999999999997e-06,1009414.385170794,3346845284925.723,2942915033304.3115,0.04860373712584563,0.0643310497954007
202,,,13.6,,,0.0411,NO,2022-10-27 03:31:00,7310460.0,7200.0,0.04457064528830238,,22.28532264415119,10241416656319.48,2.5381999999999997e-06,1068384.790415581,3341589619846.39,2938725277209.142,0.04852741302293955,0.06423946325452586
203,,,13.6,,,0.0411,NO,2022-10-27 05:31:00,7317660.0,7200.0,0.04463737921355175,,22.318689606775877,10256750738408.031,2.5381999999999997e-06,1069984.4421657403,3336365805000.6724,2934539587027.4473,0.04845155145721408,0.06414796559303734
204,,,13.6,,,0.0411,NO,2022-10-27 07:31:00,7324860.0,7200.0,0.043269801117501665,,21.634900558750832,9942509447955.346,2.5381999999999997e-06,1037202.7844608903,3330926171740.589,2930358062301.664,0.048372555721670256,0.06405655898689656
205,,,13.6,,,0.0411,NO,2022-10-27 09:31:00,7332060.0,7200.0,0.04507716928278246,,22.53858464139123,10357805441815.822,2.5381999999999997e-06,1080526.4708463352,3325819513486.4297,2926179843831.8076,0.048298395533718154,0.06396522465430503
206,,,13.6,,,0.0411,NO,2022-10-27 11:31:00,7339260.0,7200.0,0.046177350840168684,,23.088675420084343,10610604512906.408,2.5381999999999997e-06,1106898.4749984865,3320922489936.2363,2922006200554.0835,0.048227279714171706,0.06387399033374566
207,,,13.6,,,0.0411,NO,2022-10-27 13:31:00,7346460.0,7200.0,0.044201149878496264,,22.100574939248133,10156514218404.473,2.5381999999999997e-06,1059527.7663942387,3315703342538.4194,2917837916845.029,0.048151485930309906,0.06378287317140356
208,,,13.6,,,0.0411,NO,2022-10-27 15:31:00,7353660.0,7200.0,0.0438824062141934,,21.941203107096698,10083273486717.232,2.5381999999999997e-06,1051887.2917998112,3310449375187.5435,2913673715284.0015,0.04807518648224761,0.06369184524332921
209,,,13.6,,,0.0411,NO,2022-10-27 17:31:00,7360860.0,7200.0,0.043607042740022195,,21.803521370011097,10020000629600.688,2.5381999999999997e-06,1045286.6660799561,3305168209504.448,2909513437390.0493,0.04799849205309807,0.06360090308518677
210,,,13.6,,,0.0411,NO,2022-10-27 19:31:00,7368060.0,7200.0,0.04665201497024211,,23.326007485121053,10719672557500.484,2.5381999999999997e-06,1118276.4555919014,3300433001701.7646,2905356955091.101,0.04792972616292846,0.06351004389736745
211,,,13.6,,,0.0411,NO,2022-10-27 21:31:00,7375260.0,7200.0,0.04431269939241889,,22.156349696209446,10182146000096.252,2.5381999999999997e-06,1062201.6743729608,3295312374707.446,2901206358446.6465,0.04785536311738454,0.06341931336780973
212,,,13.6,,,0.0411,NO,2022-10-27 23:31:00,7382460.0,7200.0,0.04150384206532214,,20.75192103266107,9536728415744.977,2.5381999999999997e-06,994871.6990650841,3289726782206.243,2897060122099.933,0.047774247724676276,0.06332867815277113
213,,,13.6,,,0.0411,NO,2022-10-28 01:31:00,7389660.0,7200.0,0.044168091097893956,,22.08404554894698,10148917991244.016,2.5381999999999997e-06,1058735.3278249353,3284622616972.729,2892916421833.8887,0.04770012374100306,0.0632380983755314
214,,,13.6,,,0.0411,NO,2022-10-28 03:31:00,7396860.0,7200.0,0.044706695020541504,,22.35334751027075,10272678083764.133,2.5381999999999997e-06,1071645.9831518359,3279631155086.819,2888777105391.2505,0.04762763646396365,0.06314761442707323
215,,,13.6,,,0.0411,NO,2022-10-28 05:31:00,7404060.0,7200.0,0.04244163991322685,,21.220819956613425,9752215053590.729,2.5381999999999997e-06,1017351.2694348857,3274268081872.75,2884642583261.878,0.04754975255284971,0.06305723528055529
216,,,13.6,,,0.0411,NO,2022-10-28 07:31:00,7411260.0,7200.0,0.044886514125886554,,22.443257062943278,10313996812014.375,2.5381999999999997e-06,1075956.3537092756,3269347713539.3774,2880511389863.2173,0.04747829771443375,0.06296692889887724
217,,,13.6,,,0.0411,NO,2022-10-28 09:31:00,7418460.0,7200.0,0.04416352545117398,,22.08176272558699,10147868899626.375,2.5381999999999997e-06,1058625.8865664012,3264321601411.5303,2876385218515.6816,0.04740530723778185,0.06287673229740601
218,,,13.6,,,0.0411,NO,2022-10-28 11:31:00,7425660.0,7200.0,0.04314688272938217,,21.573441364691085,9914265333038.182,2.5381999999999997e-06,1034256.3578278496,3259139473339.7456,2872263630879.798,0.04733005105797339,0.06278663589420048
219,,,13.6,,,0.0411,NO,2022-10-28 13:31:00,7432860.0,7200.0,0.044964785444787825,,22.48239272239391,10331981949629.555,2.5381999999999997e-06,1077832.563624994,3254291142196.0015,2868145996679.427,0.04725964236191834,0.06269662591165408
220,,,13.6,,,0.0411,NO,2022-10-28 15:31:00,7440060.0,7200.0,0.04126470197460125,,20.632350987300622,9481778946369.771,2.5381999999999997e-06,989139.3693208733,3248822976929.8965,2864033584261.7773,0.04718023227733764,0.06260673007537436
221,,,13.6,,,0.0411,NO,2022-10-28 17:31:00,7447260.0,7200.0,0.0456011536495612,,22.800576824780602,10478206261388.145,2.5381999999999997e-06,1093086.6867521363,3244124387195.829,2859923965248.3804,0.047111998164059275,0.06251689530189328
222,,,13.6,,,0.0411,NO,2022-10-28 19:31:00,7454460.0,7200.0,0.04260163389363859,,21.300816946819292,9788978376295.63,2.5381999999999997e-06,1021186.4199947275,3238926293108.8857,2855820100650.8613,0.047036510121724266,0.06242718631784552
223,,,13.6,,,0.0411,NO,2022-10-28 21:31:00,7461660.0,7200.0,0.04277886889282752,,21.38943444641376,9829703330153.38,2.5381999999999997e-06,1025434.847995667,3233778897718.0273,2851720024512.215,0.046961758338728225,0.062337560148127656
224,,,13.6,,,0.0411,NO,2022-10-28 23:31:00,7468860.0,7200.0,0.04622415282767609,,23.112076413838047,10621358646065.28,2.5381999999999997e-06,1108020.3463847027,3229246031790.56,2847623910910.191,0.04689593090865322,0.062248020598015825
225,,,13.6,,,0.0411,NO,2022-10-29 01:31:00,7476060.0,7200.0,0.0463606027173943,,23.18030135869715,10652712021460.088,2.5381999999999997e-06,1111291.1311329566,3224754251940.6523,2843534114216.945,0.04683070014102993,0.06215861913322705
226,,,13.6,,,0.0411,NO,2022-10-29 03:31:00,7483260.000000001,7200.000000000931,0.04436608876603083,,22.18304438301254,10194413778957.969,2.5381999999999997e-06,1063481.4493091707,3219935619858.1074,2839450756597.423,0.0467607227422834,0.06206935842424255
227,,,13.6,,,0.0411,NO,2022-10-29 05:31:00,7490460.000000001,7200.0,0.04454713606102541,,22.273568030512703,10236014719904.734,2.5381999999999997e-06,1067821.260300756,3215166876393.7285,2835372536051.749,0.04669146983871861,0.06198021000981967
228,,,13.6,,,0.0411,NO,2022-10-29 07:31:00,7497660.000000001,7200.0,0.04479553683250545,,22.397768416252724,10293092103057.318,2.5381999999999997e-06,1073775.5740527813,3210459452961.874,2831299615670.1675,0.04662310744023774,0.06189117745505166
229,,,13.6,,,0.0411,NO,2022-10-29 09:31:00,7504860.000000001,7200.0,0.04611982531362038,,23.05991265681019,10597386331254.684,2.5381999999999997e-06,1105519.554024215,3205998797928.769,2827232201818.221,0.046558328675107896,0.06180226527101411
230,,,13.6,,,0.0411,NO,2022-10-29 11:31:00,7512060.000000001,7200.0,0.04437817213001923,,22.189086065009615,10197190287228.684,2.5381999999999997e-06,1063771.0947075018,3201254811051.6143,2823171217109.072,0.046489435292989455,0.06171349362569436
231,,,13.6,,,0.0411,NO,2022-10-29 13:31:00,7519260.000000001,7200.0,0.04538137371995486,,22.690686859977433,10427705358445.512,2.5381999999999997e-06,1087818.4315471428,3196702318196.701,2819115527969.2393,0.04642332283569001,0.061624837739589385
232,,,13.6,,,0.0411,NO,2022-10-29 15:31:00,7526460.000000001,7200.0,0.04527910073693418,,22.63955036846709,10404205132567.598,2.5381999999999997e-06,1085366.8875135542,3192149786583.371,2815065844398.8403,0.046357209815531,0.06153631313304291
233,,,13.6,,,0.0411,NO,2022-10-29 17:31:00,7533660.000000001,7200.0,0.044332131177413685,,22.166065588706843,10186611024221.895,2.5381999999999997e-06,1062667.4657790484,3187451431642.1226,2811022131275.055,0.04628897911197357,0.06144791903828291
234,,,13.6,,,0.0411,NO,2022-10-29 19:31:00,7540860.000000001,7200.0,0.044638216995880046,,22.31910849794002,10256943243538.613,2.5381999999999997e-06,1070004.5243048128,3182824080181.6875,2806983789678.6865,0.04622177953899514,0.061359642363154054
235,,,13.6,,,0.0411,NO,2022-10-29 21:31:00,7548060.000000001,7200.0,0.04314352111053465,,21.571760555267325,9913492902236.822,2.5381999999999997e-06,1034175.7778312031,3177956663712.884,2802951063022.3306,0.04615109368100305,0.06127148842856697
236,,,13.6,,,0.0411,NO,2022-10-29 23:31:00,7555260.000000001,7200.0,0.04366770742892524,,21.83385371446262,10033940126131.719,2.5381999999999997e-06,1046740.8346368632,3173198546365.65,2798922989861.5796,0.04608199509260983,0.061183436217697375
237,,,13.6,,,0.0411,NO,2022-10-30 01:31:00,7562460.000000001,7200.0,0.043971889524636466,,21.985944762318233,10103834909153.6,2.5381999999999997e-06,1054032.2597996015,3168511335143.5356,2794899965945.8564,0.0460139262209715,0.06109549438148341
238,,,13.6,,,0.0411,NO,2022-10-30 03:31:00,7569660.000000001,7200.0,0.04258762534743984,,21.29381267371992,9785759500790.404,2.5381999999999997e-06,1020850.6268376447,3163603349711.5,2790882236187.896,0.045942651210193274,0.06100766827362816
239,,,13.6,,,0.0411,NO,2022-10-30 05:31:00,7576860.000000001,7200.0,0.04145070370968902,,20.72535185484451,9524518315645.455,2.5381999999999997e-06,993597.9411785,3158518132605.59,2786868915642.197,0.04586880239604081,0.06091993854954558
240,,,13.6,,,0.0411,NO,2022-10-30 07:31:00,7584060.000000001,7200.0,0.04335864911941491,,21.679324559707453,9962924889571.44,2.5381999999999997e-06,1039332.5237385901,3153781877818.2026,2782859292970.9033,0.045800021301293466,0.06083228965964945
241,,,13.6,,,0.0411,NO,2022-10-30 09:31:00,7591260.000000001,7200.0,0.045523851154077845,,22.761925577038923,10460443739448.035,2.5381999999999997e-06,1091233.7001080937,3149437634784.3164,2778854696680.2373,0.04573693310077795,0.060744750644601476
242,,,13.6,,,0.0411,NO,2022-10-30 11:31:00,7598460.000000001,7200.0,0.043637678461756264,,21.818839230878133,10027040087719.73,2.5381999999999997e-06,1046021.0224917238,3144784667168.2095,2774856614086.5625,0.04566936152348189,0.060657354016595194
243,,,13.6,,,0.0411,NO,2022-10-30 13:31:00,7605660.000000001,7200.0,0.04457702285708276,,22.28851142854138,10242882090322.326,2.5381999999999997e-06,1068537.6645200667,3140311820442.8984,2770863812886.397,0.04560440570750187,0.06057007283792569
244,,,13.6,,,0.0411,NO,2022-10-30 15:31:00,7612860.000000001,7200.0,0.04594873469356675,,22.974367346783374,10558073229220.3,2.5381999999999997e-06,1101418.4104337262,3136093019317.543,2766876959162.852,0.04554313920623677,0.060482921668926985
245,,,13.6,,,0.0411,NO,2022-10-30 17:31:00,7620060.000000001,7200.0,0.04500520439483041,,22.502602197415207,10341269392194.488,2.5381999999999997e-06,1078801.4298191166,3131727697327.699,2762897001114.7915,0.04547974489177004,0.06039592123688056
246,,,13.6,,,0.0411,NO,2022-10-30 19:31:00,7627260.000000001,7200.0,0.04481072866562428,,22.40536433281214,10296582873534.99,2.5381999999999997e-06,1074139.7312988273,3127345699353.8833,2758923331736.454,0.04541610840442938,0.06030905827286176
247,,,13.6,,,0.0411,NO,2022-10-30 21:31:00,7634460.000000001,7200.0,0.04424819096936338,,22.12409548468169,10167323292592.688,2.5381999999999997e-06,1060655.3692297349,3122883566733.3975,2754955849891.504,0.04535130818140038,0.06022233056606716
248,,,13.6,,,0.0411,NO,2022-10-30 23:31:00,7641660.000000001,7200.0,0.044754125948885365,,22.377062974442683,10283576734578.44,2.5381999999999997e-06,1072782.9306227572,3118526015334.3564,2750994209528.2285,0.04528802671342656,0.06013573055193247
249,,,13.6,,,0.0411,NO,2022-10-31 01:31:00,7648860.000000001,7200.0,0.043409471334445913,,21.704735667222955,9974602788245.844,2.5381999999999997e-06,1040550.762361862,3113953250506.905,2747038781225.6504,0.04522161986139405,0.06004926633118004
250,,,13.6,,,0.0411,NO,2022-10-31 03:31:00,7656060.000000001,7200.0,0.04195797051088606,,20.97898525544303,9641077782832.273,2.5381999999999997e-06,1005757.4271266182,3109147664451.141,2743088696206.0996,0.045151831920361346,0.0599629189126467
251,,,13.6,,,0.0411,NO,2022-10-31 05:31:00,7663260.000000001,7200.0,0.04433160979032881,,22.165804895164406,10186491220204.23,2.5381999999999997e-06,1062654.9678215296,3104770332195.872,2739143022631.355,0.04508826318977024,0.059876667926688644
252,,,13.6,,,0.0411,NO,2022-10-31 07:31:00,7670460.000000001,7200.0,0.04469402239834391,,22.347011199171956,10269766176090.053,2.5381999999999997e-06,1071342.2128850375,3100472482814.8896,2735203391609.44,0.0450258487296634,0.05979054902873264
253,,,13.6,,,0.0411,NO,2022-10-31 09:31:00,7677660.000000001,7200.0,0.042003813583326215,,21.001906791663107,9651611577051.06,2.5381999999999997e-06,1006856.312750198,3095726962165.109,2731270075449.768,0.0449569330737094,0.0597045681713632
254,,,13.6,,,0.0411,NO,2022-10-31 11:31:00,7684860.000000001,7200.0,0.04311703663810087,,21.558518319050435,9907407315740.09,2.5381999999999997e-06,1033540.9293261523,3091191929885.421,2727341305459.753,0.044891074183317316,0.05961868669160517
255,,,13.6,,,0.0411,NO,2022-10-31 13:31:00,7692060.000000001,7200.0,0.04566028140859213,,22.830140704296063,10491792603077.234,2.5381999999999997e-06,1094504.014188869,3087113376625.145,2723417869487.545,0.04483184439716346,0.05953292181153189
256,,,13.6,,,0.0411,NO,2022-10-31 15:31:00,7699260.000000001,7200.0,0.045183930400763836,,22.591965200381917,10382336948704.926,2.5381999999999997e-06,1083085.5981356367,3082968389584.3174,2719501502464.357,0.04477164984277822,0.05944731145610723
257,,,13.6,,,0.0411,NO,2022-10-31 17:31:00,7706460.000000001,7200.0,0.04088872017466815,,20.444360087334076,9395386069546.91,2.5381999999999997e-06,980126.8626828549,3078098135477.5176,2715591906210.566,0.04470092277588656,0.059361849107233314
258,,,13.6,,,0.0411,NO,2022-10-31 19:31:00,7713660.000000001,7200.0,0.0425885605341805,,21.29428026709025,9785974387449.564,2.5381999999999997e-06,1020873.0438182261,3073540095565.5127,2711686235435.895,0.04463472976281542,0.05927647256790194
259,,,13.6,,,0.0411,NO,2022-10-31 21:31:00,7720860.000000001,7200.0,0.04536308510212766,,22.681542551063828,10423503010599.186,2.5381999999999997e-06,1087380.042535767,3069478539862.956,2707785675152.62,0.04457574681951112,0.05919120774204947
260,,,13.6,,,0.0411,NO,2022-10-31 23:31:00,7728060.000000001,7200.0,0.0454879805991737,,22.74399029958685,10452201424442.486,2.5381999999999997e-06,1090373.8616418685,3065454252714.0596,2703892116362.856,0.04451730509960705,0.05910609596629276
261,,,13.6,,,0.0411,NO,2022-11-01 01:31:00,7735260.000000001,7200.0,0.04345433389449127,,21.727166947245635,9984911280903.324,2.5381999999999997e-06,1041626.1445220602,3061094550876.083,2700005662475.9707,0.04445399240241292,0.05902113950112291
262,,,13.6,,,0.0411,NO,2022-11-01 03:31:00,7742460.000000001,7200.0,0.04233214801576177,,21.166074007880884,9727056069798.2,2.5381999999999997e-06,1014726.6837424693,3056558039423.026,2696124974488.8745,0.044388112031089555,0.05893630907642051
263,,,13.6,,,0.0411,NO,2022-11-01 05:31:00,7749660.000000001,7200.0,0.04481042514166802,,22.40521257083401,10296513129978.865,2.5381999999999997e-06,1074132.4556496576,3052466800058.621,2692249334795.9985,0.044328698014110025,0.05885158900558941
